{
	"geometry.parrot": {
		"texturewidth": 32,
		"textureheight": 32,
		"bones": [
			{
				"name": "body",
				"pivot": [-1.64286, 7.19286, -2.17143],
				"cubes": [
					{"origin": [-3.5, 5.5, -2.5], "size": [1, 3, 1], "uv": [14, 0]},
					{"origin": [0.5, 5.5, -2.5], "size": [1, 3, 1], "uv": [13, 0]},
					{"origin": [0.5, 5.5, -4.5], "size": [1, 1, 1], "uv": [0, 19]},
					{"origin": [-3.5, 5.5, -4.5], "size": [1, 1, 1], "uv": [0, 19]},
					{"origin": [-1.5, 9.5, -2.5], "size": [1, 1, 1], "uv": [0, 19]},
					{"origin": [-2.5, 5.5, -3.5], "size": [3, 4, 3], "uv": [24, 11]},
					{"origin": [1, 8.1, -2.3], "size": [3, 1, 1], "uv": [22, 0]},
					{"origin": [1, 5.1, -2.3], "size": [3, 1, 1], "uv": [19, 1]},
					{"origin": [-5, 8.1, -2.3], "size": [2, 1, 1], "uv": [18, 1]},
					{"origin": [-5, 5.1, -2.3], "size": [2, 1, 1], "uv": [18, 1]},
					{"origin": [-6, 8.1, -2.3], "size": [1, 1, 1], "uv": [16, 1]},
					{"origin": [-6, 5.1, -2.3], "size": [1, 1, 1], "uv": [24, 1]},
					{"origin": [-2, 5.8, -3.8], "size": [3, 3, 4], "uv": [11, 9]},
					{"origin": [-3, 5.8, -3.8], "size": [1, 3, 4], "uv": [21, 9]}
				]
			}
		]
	}
,

	"geometry.creeper": {
		"texturewidth": 64,
		"textureheight": 32,
		"bones": [
			{
				"name": "head",
				"pivot": [-0.90625, 8.125, 2.1875],
				"cubes": [
					{"origin": [-4, 5, 1], "size": [1, 1, 4], "uv": [20, 2]},
					{"origin": [-6, 7, 3], "size": [1, 1, 2], "uv": [21, 2]},
					{"origin": [-6, 7, -1], "size": [1, 1, 6], "uv": [21, 2]},
					{"origin": [5, 7, -1], "size": [1, 1, 6], "uv": [16, 2]},
					{"origin": [-6, 10, -1], "size": [1, 3, 6], "uv": [47, 2]},
					{"origin": [5, 9, -1], "size": [1, 4, 6], "uv": [47, 2]},
					{"origin": [-6, 8, -1], "size": [1, 1, 6], "uv": [17, 13]},
					{"origin": [5, 8, -1], "size": [1, 1, 6], "uv": [16, 1]},
					{"origin": [-6, 9, -1], "size": [1, 3, 6], "uv": [23, 5]},
					{"origin": [-3, 5, 1], "size": [4, 1, 3], "uv": [16, 16]},
					{"origin": [-3, 5, 2], "size": [4, 1, 3], "uv": [16, 16]},
					{"origin": [0, 5, 2], "size": [4, 1, 3], "uv": [16, 16]},
					{"origin": [0, 5, -1], "size": [4, 1, 3], "uv": [16, 16]},
					{"origin": [-4, 5, -1], "size": [4, 3, 2], "uv": [17, 15]},
					{"origin": [-5, 6, -2], "size": [10, 8, 8], "uv": [2, 2]},
					{"origin": [-4, 12, -1], "size": [8, 3, 6], "uv": [36, 6]}
				]
			}
		]
	}
,

	"geometry.vex:geometry.humanoid": {
		"texturewidth": 64,
		"textureheight": 64,
		"bones": [
			{
				"name": "head",
				"pivot": [0, 24, 0],
				"cubes": [
					{"origin": [7, 16, -10], "size": [2, 13, 11], "uv": [17, 0]},
					{"origin": [-9, 16, -10], "size": [2, 13, 11], "uv": [17, 0]},
					{"origin": [0, 16, -10], "size": [7, 3, 2], "uv": [28, 17]},
					{"origin": [-7, 16, -10], "size": [7, 3, 2], "uv": [28, 17]},
					{"origin": [-9, 29, -10], "size": [18, 3, 2], "uv": [13, 5]},
					{"origin": [-7, 19, -10], "size": [14, 10, 11], "uv": [0, 3]}
				]
			},
			{
				"name": "body",
				"pivot": [0, 24, 0],
				"cubes": [
					{"origin": [-11, 15, -8], "size": [22, 18, 16], "uv": [0, 28]}
				]
			},
			{
				"name": "rightarm",
				"pivot": [-5, 22, 0],
				"cubes": [
					{"origin": [-4, 24, -2], "size": [0, 0, 4], "uv": [40, 16]}
				]
			},
			{
				"name": "rightItem",
				"pivot": [-6, 15, 1]
			},
			{
				"name": "leftarm",
				"pivot": [5, 22, 0],
				"mirror": true,
				"cubes": [
					{"origin": [4, 24, -2], "size": [4, 0, 4], "uv": [36, 34]}
				]
			},
			{
				"name": "leg0",
				"pivot": [-1.9, 12, 0],
				"cubes": [
					{"origin": [-3.9, 20, -2], "size": [4, 0, 4], "uv": [0, 16]},
					{"origin": [-2.9, 22, -2], "size": [6, 0, 4], "uv": [32, 0]}
				]
			},
			{
				"name": "leftwing",
				"pivot": [0, 24, 0],
				"mirror": true,
				"cubes": [
					{"origin": [-16, 22, -4], "size": [2, 2, 2], "uv": [0, 32]},
					{"origin": [6, 34, -20], "size": [2, 2, 2], "uv": [0, 32]},
					{"origin": [15, 22, -13], "size": [2, 2, 2], "uv": [0, 32]}
				]
			},
			{
				"name": "rightwing",
				"pivot": [0, 24, 0],
				"cubes": [
					{"origin": [10, 15, 10], "size": [2, 2, 2], "uv": [0, 32]},
					{"origin": [-8, 15, 11], "size": [2, 2, 2], "uv": [0, 32]},
					{"origin": [-8, 22, -24], "size": [2, 2, 2], "uv": [0, 32]}
				]
			}
		]
	}
,
	"geometry.dolphin": {
		"texturewidth": 64,
		"textureheight": 64,
		"bones": [
			{
				"name": "head",
				"pivot": [0, 0, -3],
				"cubes": [
					{"origin": [-3, 5, -9], "size": [1, 1, 0], "uv": [4, 0]},
					{"origin": [2, 5, -9], "size": [1, 1, 0], "uv": [4, 0]},
					{"origin": [2, 4, -10], "size": [1, 1, 1], "uv": [4, 0]},
					{"origin": [-3, 4, -10], "size": [1, 1, 1], "uv": [4, 0]},
					{"origin": [-4, 0, -9], "size": [8, 7, 6], "uv": [4, 16]}
				]
			},
			{
				"name": "body",
				"pivot": [0, 0, -3],
				"cubes": [
					{"origin": [-4, 0, -3], "size": [8, 6, 13], "uv": [0, 42]}
				]
			},
			{
				"name": "tail",
				"pivot": [0, 2.5, 11],
				"cubes": [
					{"origin": [-2, 1, 15], "size": [4, 3, 4], "uv": [0, 33]},
					{"origin": [-3, 0, 10], "size": [6, 5, 7], "uv": [0, 33]}
				]
			},
			{
				"name": "tail_fin",
				"pivot": [0, 2.5, 20],
				"cubes": [
					{"origin": [1, 2, 18], "size": [4, 1, 6], "uv": [44, 8]},
					{"origin": [-5, 2, 18], "size": [4, 1, 6], "uv": [44, 8]}
				]
			},
			{
				"name": "back_fin",
				"pivot": [0, 7, 2],
				"rotation": [-30, -90, 0],
				"cubes": [
					{"origin": [-8.5, 1.25, 1], "size": [1, 3, 2], "uv": [41, 31]}
				]
			},
			{
				"name": "left_fin",
				"pivot": [3, 1, -1],
				"rotation": [0, -25, 20],
				"cubes": [
					{"origin": [3, 1, -2.5], "size": [8, 1, 4], "uv": [31, 33]}
				]
			},
			{
				"name": "right_fin",
				"pivot": [-3, 1, -1],
				"rotation": [0, 25, -20],
				"cubes": [
					{"origin": [-11, 1, -2.5], "size": [8, 1, 4], "uv": [36, 33]}
				]
			},
			{
				"name": "nose",
				"pivot": [0, 0, -13],
				"cubes": [
					{"origin": [-1, 0, -13], "size": [2, 1, 1], "uv": [41, 0]},
					{"origin": [-1, 0, -12], "size": [2, 1, 3], "uv": [41, 0]},
					{"origin": [-2, 0, -12], "size": [1, 2, 1], "uv": [44, 13]},
					{"origin": [1, 0, -12], "size": [1, 2, 1], "uv": [44, 13]},
					{"origin": [0, 3, -11], "size": [1, 1, 1], "uv": [4, 0]},
					{"origin": [-1, 3, -11], "size": [1, 1, 1], "uv": [4, 0]},
					{"origin": [-3, 0, -11], "size": [6, 3, 2], "uv": [36, 21]}
				]
			}
		]
	}
,
	"geometry.salmon": {
		"texturewidth": 32,
		"textureheight": 32,
		"bones": [
			{
				"name": "body_front",
				"pivot": [0, 8, -3],
				"cubes": [
					{"origin": [-2.5, 4.5, -3], "size": [5, 7, 0], "uv": [6, 21]}
				]
			},
			{
				"name": "body_back",
				"pivot": [0.21429, 13, -4.64286],
				"cubes": [
					{"origin": [1.5, 11.5, -5], "size": [0, 1, 1], "uv": [21, 6]},
					{"origin": [-1.5, 11.5, -4], "size": [2, 1, 0], "uv": [19, 5]},
					{"origin": [-0.5, 11.5, -4], "size": [2, 1, 0], "uv": [19, 5]},
					{"origin": [-0.5, 11.5, -6], "size": [3, 1, 2], "uv": [19, 5]},
					{"origin": [-0.5, 15.5, -6], "size": [1, 3, 2], "uv": [19, 5]},
					{"origin": [-1.5, 12.5, -6], "size": [3, 3, 2], "uv": [19, 5]},
					{"origin": [-2.5, 11.5, -6], "size": [3, 1, 2], "uv": [19, 5]}
				]
			},
			{
				"name": "dorsal_front",
				"pivot": [5.33333, 9.33333, -5],
				"cubes": [
					{"origin": [6, 8.5, -6], "size": [3, 1, 2], "uv": [19, 5]},
					{"origin": [4, 8.5, -6], "size": [2, 2, 2], "uv": [19, 5]},
					{"origin": [3, 7.5, -6], "size": [1, 4, 2], "uv": [19, 5]}
				]
			},
			{
				"name": "dorsal_back",
				"pivot": [-5.33333, 9.33333, -5],
				"cubes": [
					{"origin": [-9, 8.5, -6], "size": [3, 1, 2], "uv": [20, 3]},
					{"origin": [-6, 8.5, -6], "size": [2, 2, 2], "uv": [20, 3]},
					{"origin": [-4, 7.5, -6], "size": [1, 4, 2], "uv": [20, 3]}
				]
			},
			{
				"name": "head",
				"pivot": [0, 8, -5],
				"cubes": [
					{"origin": [-3, 4.5, -7], "size": [6, 7, 4], "uv": [0, 18]},
					{"origin": [-1, 6.5, -2], "size": [2, 3, 0], "uv": [19, 22]},
					{"origin": [-1, 6.5, -8], "size": [2, 3, 0], "uv": [20, 22]},
					{"origin": [-2, 5.5, -8], "size": [4, 5, 6], "uv": [0, 17]}
				]
			},
			{
				"name": "leftFin",
				"pivot": [2.99248, 4.36703, -5],
				"rotation": [0, 0, 35],
				"cubes": [
					{"origin": [3.49248, 3.86703, -6], "size": [4, 1, 2], "uv": [20, 6]},
					{"origin": [0.49248, 2.86703, -6], "size": [2, 1, 2], "uv": [20, 6]},
					{"origin": [1.49248, 3.86703, -6], "size": [1, 3, 2], "uv": [20, 6]},
					{"origin": [1.49248, 2.86703, -6], "size": [3, 3, 2], "uv": [20, 6]}
				]
			},
			{
				"name": "rightFin",
				"pivot": [-2.99258, 4.61703, -5],
				"rotation": [0, 0, -35],
				"cubes": [
					{"origin": [-7.49258, 3.86703, -6], "size": [3, 1, 2], "uv": [17, 6]},
					{"origin": [-1.49258, 2.86703, -6], "size": [1, 2, 2], "uv": [17, 6]},
					{"origin": [-2.49258, 4.86703, -6], "size": [1, 2, 2], "uv": [17, 6]},
					{"origin": [-4.49258, 2.86703, -6], "size": [3, 3, 2], "uv": [17, 6]}
				]
			}
		]
	}
,

	"geometry.silverfish": {
		"texturewidth": 64,
		"textureheight": 32,
		"bones": [
			{
				"name": "bodyPart_0",
				"pivot": [0, 2.5, -2.5],
				"cubes": [
					{"origin": [-2.5, 0, -4.5], "size": [5, 5, 4], "uv": [1, 1]}
				]
			},
			{
				"name": "bodyPart_1",
				"pivot": [0, 2, 1.5],
				"cubes": [
					{"origin": [-3, 0, -0.5], "size": [6, 4, 4], "uv": [0, 10]}
				]
			},
			{
				"name": "bodyPart_2",
				"pivot": [0, 1.5, 5],
				"cubes": [
					{"origin": [-2, 0, 3.5], "size": [4, 3, 3], "uv": [3, 11]}
				]
			},
			{
				"name": "bodyPart_3",
				"pivot": [0, 1, 8],
				"cubes": [
					{"origin": [-1.5, 0, 6.5], "size": [3, 2, 3], "uv": [0, 18]}
				]
			},
			{
				"name": "bodyPart_4",
				"pivot": [0, 2, 11],
				"cubes": [
					{"origin": [-1, 1, 9.5], "size": [2, 2, 3], "uv": [5, 12]}
				]
			},
			{
				"name": "bodyPart_5",
				"pivot": [-2, 2, 2.5],
				"cubes": [
					{"origin": [-3, 0, 1.5], "size": [2, 4, 2], "uv": [3, 12]}
				]
			},
			{
				"name": "bodyPart_6",
				"pivot": [0, 3.5, 4],
				"cubes": [
					{"origin": [-0.5, 3, 3.5], "size": [1, 1, 1], "uv": [13, 6]}
				]
			},
			{
				"name": "bodyLayer_0",
				"pivot": [0, 2, 1.5],
				"cubes": [
					{"origin": [-3, 0, -0.5], "size": [6, 4, 4], "uv": [0, 10]}
				]
			},
			{
				"name": "bodyLayer_1",
				"pivot": [0, 2.5, 9],
				"cubes": [
					{"origin": [-1, 2, 8.5], "size": [2, 1, 1], "uv": [2, 14]}
				]
			},
			{
				"name": "bodyLayer_2",
				"pivot": [0, 4.5, -0.5],
				"cubes": [
					{"origin": [-1, 4, -2], "size": [2, 1, 3], "uv": [3, 13]}
				]
			}
		]
	}
,
	"geometry.llama": {
		"texturewidth": 128,
		"textureheight": 64,
		"bones": [
			{
				"name": "head",
				"pivot": [1.5, 35.83333, -15.08333],
				"cubes": [
					{"origin": [-6, 27, -16], "size": [15, 14, 14], "uv": [0, 16]},
					{"origin": [-1, 41, -13], "size": [5, 6, 7], "uv": [2, 35]},
					{"origin": [0, 41, -14], "size": [3, 5, 9], "uv": [2, 35]},
					{"origin": [1, 36, -16], "size": [1, 7, 5], "uv": [2, 35]},
					{"origin": [1, 42, -9], "size": [1, 7, 5], "uv": [2, 35]},
					{"origin": [1, 41, -11], "size": [1, 12, 5], "uv": [2, 35]},
					{"origin": [0, 41, -10], "size": [3, 14, 3], "uv": [2, 35]},
					{"origin": [-3, 27, -25], "size": [9, 8, 4], "uv": [2, 35]},
					{"origin": [-5, 27, -21], "size": [13, 9, 6], "uv": [0, 24]},
					{"origin": [-3, 36, -17], "size": [3, 3, 2], "uv": [17, 0]},
					{"origin": [3, 36, -17], "size": [3, 3, 2], "uv": [17, 0]}
				]
			},
			{
				"name": "chest1",
				"pivot": [-7.5, 36, 4.5],
				"rotation": [0, 90, 0],
				"cubes": [
					{"origin": [-11.5, 29, 7], "size": [8, 8, 3], "uv": [45, 41]}
				]
			},
			{
				"name": "chest2",
				"pivot": [6.5, 36, 4.5],
				"rotation": [0, 90, 0],
				"cubes": [
					{"origin": [2.5, 29, 3], "size": [8, 8, 3], "uv": [45, 41]}
				]
			},
			{
				"name": "body",
				"pivot": [1.5, 20, 16],
				"rotation": [90, 0, 0]
			},
			{
				"name": "leg0",
				"pivot": [1.5, 32.33333, 10.16667],
				"cubes": [
					{"origin": [-3.5, 26, -2], "size": [10, 14, 12], "uv": [0, 16]},
					{"origin": [-1.5, 27, 9], "size": [6, 10, 9], "uv": [0, 16]},
					{"origin": [-3.5, 28, 9], "size": [10, 8, 8], "uv": [0, 16]}
				]
			},
			{
				"name": "leg1",
				"pivot": [1.5, 28.5, 26],
				"cubes": [
					{"origin": [-3.5, 21, 26], "size": [10, 12, 11], "uv": [0, 18]},
					{"origin": [-3.5, 24, 15], "size": [10, 12, 11], "uv": [0, 18]},
					{"origin": [-4.5, 22, 27], "size": [12, 10, 10], "uv": [0, 25]},
					{"origin": [-4.5, 25, 15], "size": [12, 10, 10], "uv": [0, 25]}
				]
			},
			{
				"name": "leg2",
				"pivot": [1.5, 23, 42.25],
				"cubes": [
					{"origin": [-3.5, 16, 36], "size": [10, 14, 13], "uv": [0, 18]},
					{"origin": [-4.5, 17, 36], "size": [12, 12, 12], "uv": [0, 18]}
				]
			},
			{
				"name": "leg3",
				"pivot": [1.5, 26.25, 70.91667],
				"cubes": [
					{"origin": [-2.5, 18, 49], "size": [8, 11, 13], "uv": [0, 20]},
					{"origin": [-2.5, 28, 86], "size": [8, 8, 10], "uv": [0, 20]},
					{"origin": [-2.5, 26, 79], "size": [8, 8, 10], "uv": [0, 20]},
					{"origin": [-2.5, 22, 70], "size": [8, 8, 10], "uv": [0, 20]},
					{"origin": [-2.5, 19, 60], "size": [8, 8, 10], "uv": [0, 20]},
					{"origin": [-3.5, 17, 49], "size": [10, 12, 12], "uv": [0, 20]}
				]
			}
		]
	}
,

	"geometry.rabbit": {
		"texturewidth": 64,
		"textureheight": 32,
		"bones": [
			{
				"name": "rearFootLeft",
				"pivot": [2, 0.5, -1],
				"mirror": true,
				"cubes": [
					{"origin": [1, 0, -3], "size": [2, 1, 4], "uv": [8, 1]}
				]
			},
			{
				"name": "rearFootRight",
				"pivot": [-2, 0.5, -1],
				"mirror": true,
				"cubes": [
					{"origin": [-3, 0, -3], "size": [2, 1, 4], "uv": [6, 0]}
				]
			},
			{
				"name": "body",
				"pivot": [0.21429, 9.57143, 1.5],
				"rotation": [-20, 0, 0],
				"mirror": true,
				"cubes": [
					{"origin": [1, 11, 1], "size": [1, 1, 1], "uv": [29, 5]},
					{"origin": [1, 10, 1], "size": [1, 1, 1], "uv": [30, 2]},
					{"origin": [0, 10, 1], "size": [1, 1, 1], "uv": [30, 2]},
					{"origin": [0, 11, 1], "size": [1, 1, 1], "uv": [30, 2]},
					{"origin": [2, 8, 1], "size": [1, 1, 1], "uv": [30, 2]},
					{"origin": [1, 7, 1], "size": [1, 2, 1], "uv": [30, 2]},
					{"origin": [0, 6, 1], "size": [1, 2, 1], "uv": [30, 2]},
					{"origin": [1, 9, 1], "size": [1, 1, 1], "uv": [29, 5]},
					{"origin": [-1, 10, 1], "size": [1, 1, 1], "uv": [29, 5]},
					{"origin": [0, 9, 1], "size": [1, 1, 1], "uv": [29, 5]},
					{"origin": [0, 8, 1], "size": [1, 1, 1], "uv": [29, 5]},
					{"origin": [-1, 7, 1], "size": [1, 2, 1], "uv": [29, 5]},
					{"origin": [-1, 6, 1], "size": [1, 1, 1], "uv": [30, 4]},
					{"origin": [-1, 9, 1], "size": [1, 1, 1], "uv": [30, 4]},
					{"origin": [-2, 9, 1], "size": [1, 1, 1], "uv": [30, 4]},
					{"origin": [-2, 8, 1], "size": [1, 1, 1], "uv": [30, 4]},
					{"origin": [2, 9, 1], "size": [1, 1, 1], "uv": [30, 4]},
					{"origin": [-1, 11, 1], "size": [1, 1, 1], "uv": [30, 4]},
					{"origin": [-2, 10, 1], "size": [1, 1, 1], "uv": [30, 4]},
					{"origin": [-3, 9, 1], "size": [1, 1, 1], "uv": [30, 4]},
					{"origin": [0, 12, 1], "size": [1, 1, 1], "uv": [30, 4]}
				]
			},
			{
				"name": "head",
				"pivot": [0, 4, 0.5],
				"mirror": true,
				"cubes": [
					{"origin": [-3.5, 1, -2], "size": [7, 6, 5], "uv": [2, 3]}
				]
			}
		]
	}
,

	"geometry.irongolem": {
		"texturewidth": 128,
		"textureheight": 128,
		"bones": [
			{
				"name": "body",
				"pivot": [-1, 22.5, 2.75],
				"cubes": [
					{"origin": [-15, 8, -5], "size": [28, 29, 18], "uv": [29, 68]},
					{"origin": [-15, 37, -6], "size": [28, 0, 19], "uv": [14, 87]},
					{"origin": [13, 8, -6], "size": [0, 29, 19], "uv": [18, 70]},
					{"origin": [-15, 8, -6], "size": [0, 29, 19], "uv": [8, 69]},
					{"origin": [-15, 8, -6], "size": [28, 29, 19], "uv": [15, 14]},
					{"origin": [-14.5, 8, -6], "size": [27, 0, 9], "uv": [22, 86], "inflate": 0.5}
				]
			},
			{
				"name": "head",
				"pivot": [0.14286, 43.64286, 2.92857],
				"cubes": [
					{"origin": [-9, 36, 3.5], "size": [16, 5, 8], "uv": [28, 71]},
					{"origin": [-9, 36, -4.5], "size": [16, 6, 8], "uv": [0, 17]},
					{"origin": [-9, 41, 3.5], "size": [16, 4, 8], "uv": [36, 79]},
					{"origin": [7, 42, -4.5], "size": [0, 3, 8], "uv": [33, 37]},
					{"origin": [-9, 42, -4.5], "size": [16, 3, 8], "uv": [33, 37]},
					{"origin": [-9, 45, 3.5], "size": [16, 8, 8], "uv": [38, 74]},
					{"origin": [2, 47, 0.5], "size": [5, 11, 0], "uv": [75, 9]},
					{"origin": [2, 47, -2.5], "size": [5, 11, 3], "uv": [21, 0]},
					{"origin": [-9, 47, -2.5], "size": [5, 11, 3], "uv": [0, 0]},
					{"origin": [-9, 45, -4.5], "size": [16, 8, 8], "uv": [0, 0]}
				]
			},
			{
				"name": "arm0",
				"pivot": [0, 31, 0],
				"cubes": [
					{"origin": [-21, 12.5, 0], "size": [6, 1, 8], "uv": [0, 42]},
					{"origin": [-21, 13.5, -1], "size": [6, 20, 10], "uv": [56, 73]}
				]
			},
			{
				"name": "arm1",
				"pivot": [0, 31, 0],
				"cubes": [
					{"origin": [13, 12.5, 0], "size": [5, 1, 8], "uv": [3, 44]},
					{"origin": [13, 13.5, -1], "size": [5, 20, 10], "uv": [52, 79]}
				]
			},
			{
				"name": "leg0",
				"pivot": [-4, 13, 0],
				"cubes": [
					{"origin": [-8.5, 5, -8], "size": [1, 4, 12], "uv": [35, 39]},
					{"origin": [-14.5, 5, -8], "size": [6, 4, 12], "uv": [36, 36]}
				]
			},
			{
				"name": "leg1",
				"pivot": [5, 13, 0],
				"mirror": true,
				"cubes": [
					{"origin": [5.5, 5, -8], "size": [6, 4, 12], "uv": [29, 38]},
					{"origin": [11.5, 5, -8], "size": [1, 4, 12], "uv": [36, 38]}
				]
			}
		]
	}
,

 	"geometry.zombie": {
		"texturewidth": 64,
		"textureheight": 32,
		"bones": [
			{
				"name": "head",
				"pivot": [0.05556, 25, 6.88889],
				"cubes": [
					{"origin": [-3, 18, 8], "size": [5, 14, 6], "uv": [11, 1]},
					{"origin": [2, 18, 8], "size": [5, 14, 6], "uv": [11, 1]},
					{"origin": [-3, 18, 2], "size": [4, 14, 6], "uv": [11, 1]},
					{"origin": [0, 18, 2], "size": [4, 14, 6], "uv": [11, 1]},
					{"origin": [-4, 18, 9], "size": [1, 14, 5], "uv": [21, 1]},
					{"origin": [-4, 18, 6], "size": [1, 14, 5], "uv": [21, 1]},
					{"origin": [-4, 18, 1], "size": [1, 14, 5], "uv": [20, 1]},
					{"origin": [2, 18, 2], "size": [5, 14, 6], "uv": [11, 1]},
					{"origin": [-4, 18, 1], "size": [11, 14, 1], "uv": [10, 7]}
				]
			},
			{
				"name": "body",
				"pivot": [-0.77778, 25.55556, 6.77778],
				"cubes": [
					{"origin": [7, 24, 6], "size": [7, 3, 3], "uv": [12, 1]},
					{"origin": [-11, 24, 6], "size": [7, 3, 3], "uv": [12, 1]},
					{"origin": [17, 22, 8], "size": [6, 7, 2], "uv": [14, 3]},
					{"origin": [17, 22, 3], "size": [6, 7, 7], "uv": [11, 0]},
					{"origin": [13, 23, 4], "size": [4, 5, 5], "uv": [13, 1]},
					{"origin": [-14, 23, 3], "size": [4, 5, 6], "uv": [13, 0]},
					{"origin": [-20, 23, 2], "size": [2, 6, 8], "uv": [12, 0]},
					{"origin": [-20, 22, 6], "size": [6, 7, 4], "uv": [12, 2]},
					{"origin": [-20, 22, 2], "size": [6, 7, 4], "uv": [12, 2]}
				]
			}
		]
	}
,





	"geometry.pig": {
		"texturewidth": 64,
		"textureheight": 64,
		"bones": [
			{
				"name": "head",
				"pivot": [-0.5, 8.33333, -7.66667],
				"cubes": [
					{"origin": [1, 8, -8], "size": [1, 3, 1], "uv": [60, 0]},
					{"origin": [-3, 8, -8], "size": [1, 3, 1], "uv": [60, 0]},
					{"origin": [-3, 4, -10], "size": [5, 4, 4], "uv": [46, 0]}
				]
			},
			{
				"name": "leg3",
				"pivot": [1.5, 2, -0.5],
				"cubes": [
					{"origin": [1, 0, -1], "size": [1, 4, 1], "uv": [6, 0]}
				]
			},
			{
				"name": "leg1",
				"pivot": [-2.5, 2, -5.5],
				"cubes": [
					{"origin": [-3, 0, -6], "size": [1, 4, 1], "uv": [54, 12]}
				]
			},
			{
				"name": "leg0",
				"pivot": [-2.5, 2, -0.5],
				"cubes": [
					{"origin": [-3, 0, -1], "size": [1, 4, 1], "uv": [54, 12]}
				]
			},
			{
				"name": "leg2",
				"pivot": [1.5, 2, -5.5],
				"cubes": [
					{"origin": [1, 0, -6], "size": [1, 4, 1], "uv": [6, 0]}
				]
			},
			{
				"name": "body",
				"pivot": [-0.13636, 5.09091, -3.72727],
				"rotation": [90, 0, 0],
				"cubes": [
					{"origin": [-3, 1, -6], "size": [5, 2, 4], "uv": [19, 11]},
					{"origin": [-3, 2, -6], "size": [5, 6, 4], "uv": [1, 1]},
					{"origin": [-4.5, 4, 1], "size": [1, 1, 1], "uv": [58, 13]},
					{"origin": [-4.5, 4, 2], "size": [1, 1, 1], "uv": [58, 13]},
					{"origin": [-4.5, 5, 2], "size": [1, 1, 1], "uv": [58, 13]},
					{"origin": [-4.5, 5, 1], "size": [1, 1, 1], "uv": [58, 13]},
					{"origin": [-3.5, 4, 0], "size": [1, 1, 1], "uv": [58, 13]},
					{"origin": [-2.5, 2, 0], "size": [1, 1, 1], "uv": [58, 13]},
					{"origin": [-2.5, 3, 0], "size": [1, 1, 1], "uv": [58, 13]},
					{"origin": [-2.5, 2, -1], "size": [1, 1, 1], "uv": [58, 13]},
					{"origin": [-0.5, 2, -2], "size": [1, 1, 1], "uv": [58, 13]},
					{"origin": [-1.5, 2, -1], "size": [1, 1, 1], "uv": [58, 13]},
					{"origin": [-0.5, 1, -2], "size": [1, 1, 1], "uv": [59, 11]},
					{"origin": [-1.5, 1, -2], "size": [1, 1, 1], "uv": [59, 11]}
				]
			}
		]
	}
,
	"geometry.skeleton": {
		"texturewidth": 192,
		"textureheight": 192,
		"bones": [
			{
				"name": "head",
				"pivot": [-0.35714, 22.85714, -1.28571],
				"cubes": [
					{"origin": [2, 24, -1], "size": [2, 6, 2], "uv": [103, 15]},
					{"origin": [-4, 24, -1], "size": [2, 6, 2], "uv": [103, 15]},
					{"origin": [-2, 19, -7], "size": [4, 4, 3], "uv": [88, 73]},
					{"origin": [-3, 18, -9], "size": [6, 4, 5], "uv": [103, 15]},
					{"origin": [-3, 18, -5], "size": [6, 7, 7], "uv": [57, 21]},
					{"origin": [-2, 18, -5], "size": [6, 7, 7], "uv": [57, 21]},
					{"origin": [-3, 18, 2], "size": [4, 7, 0], "uv": [41, 13]},
					{"origin": [-4, 18, -5], "size": [3, 7, 7], "uv": [50, 26]}
				]
			},
			{
				"name": "rightArm",
				"pivot": [-0.5, 6.5, -2.5],
				"cubes": [
					{"origin": [-2, 8, -3], "size": [3, 1, 3], "uv": [109, 3]},
					{"origin": [-2, 9, -3], "size": [3, 7, 3], "uv": [50, 94]}
				]
			},
			{
				"name": "leftArm",
				"pivot": [6.5, 12.5, -1.5],
				"cubes": [
					{"origin": [5, 8, -3], "size": [3, 1, 3], "uv": [109, 6]},
					{"origin": [5, 9, -3], "size": [3, 7, 3], "uv": [28, 46]}
				]
			},
			{
				"name": "rightLeg",
				"pivot": [-1.1, 1.2, -2.3],
				"cubes": [
					{"origin": [4, 0, -4], "size": [3, 1, 1], "uv": [112, 5]},
					{"origin": [-7, 0, -4], "size": [3, 1, 1], "uv": [112, 5]},
					{"origin": [4, 0, -3], "size": [3, 1, 3], "uv": [20, 46]},
					{"origin": [-7, 0, -3], "size": [3, 1, 3], "uv": [20, 46]},
					{"origin": [-8, 1, -4], "size": [5, 6, 5], "uv": [20, 46]}
				]
			},
			{
				"name": "leftLeg",
				"pivot": [5.5, 4, -1.5],
				"cubes": [
					{"origin": [3, 1, -4], "size": [5, 6, 5], "uv": [20, 44]}
				]
			},
			{
				"name": "body",
				"pivot": [0, 10.66667, 6.27778],
				"cubes": [
					{"origin": [-1, 10, 5], "size": [2, 1, 1], "uv": [38, 87]},
					{"origin": [-1, 10, 11], "size": [2, 1, 1], "uv": [38, 87]},
					{"origin": [-1, 9, 16], "size": [2, 1, 1], "uv": [38, 87]},
					{"origin": [-1, 8, 13], "size": [2, 1, 6], "uv": [38, 87]},
					{"origin": [-1, 7, 8], "size": [2, 3, 6], "uv": [38, 87]},
					{"origin": [-2, 6, 2], "size": [4, 4, 7], "uv": [38, 87]},
					{"origin": [-4, 7, -7], "size": [8, 9, 1], "uv": [86, 67]},
					{"origin": [-5, 6, -6], "size": [10, 11, 9], "uv": [38, 87]},
					{"origin": [-3, 17, -4], "size": [6, 1, 5], "uv": [43, 92]}
				]
			}
		]
	}
,	"geometry.polarbear": {
		"texturewidth": 128,
		"textureheight": 64,
		"bones": [
			{
				"name": "head",
				"pivot": [0, 16.22727, -17.63636],
				"mirror": true,
				"cubes": [
					{"origin": [-3.5, 10, -19], "size": [7, 7, 7], "uv": [0, 50], "mirror": false},
					{"origin": [-1.5, 15, -21], "size": [3, 2, 2], "uv": [0, 44], "mirror": false},
					{"origin": [-1.5, 14, -22], "size": [3, 2, 3], "uv": [0, 44], "mirror": false},
					{"origin": [-1.5, 14, -23], "size": [3, 1, 1], "uv": [1, 56], "mirror": false},
					{"origin": [-2.5, 10, -23], "size": [5, 4, 4], "uv": [18, 56], "mirror": false},
					{"origin": [5.5, 18, -17], "size": [2, 2, 2], "uv": [53, 5]},
					{"origin": [-7.5, 18, -17], "size": [2, 2, 2], "uv": [53, 5]},
					{"origin": [4.5, 17, -17], "size": [2, 2, 2], "uv": [48, 3]},
					{"origin": [-6.5, 17, -17], "size": [2, 2, 2], "uv": [48, 3]},
					{"origin": [2.5, 16, -17], "size": [3, 2, 2], "uv": [50, 4]},
					{"origin": [-5.5, 16, -17], "size": [3, 2, 2], "uv": [50, 4]}
				]
			},
			{
				"name": "body",
				"pivot": [-2, 15, 12],
				"rotation": [90, 0, 0],
				"cubes": [
					{"origin": [-7, 18, 6], "size": [14, 10, 8], "uv": [20, 30]},
					{"origin": [-6, 28, 5], "size": [12, 12, 10], "uv": [8, 2]},
					{"origin": [-4, 9, 12], "size": [1, 1, 1], "uv": [0, 0]},
					{"origin": [-3, 10, 12], "size": [1, 1, 1], "uv": [0, 0]},
					{"origin": [-3, 11, 12], "size": [1, 1, 1], "uv": [0, 0]},
					{"origin": [-3, 12, 12], "size": [1, 1, 1], "uv": [0, 0]},
					{"origin": [-3, 13, 12], "size": [1, 1, 1], "uv": [0, 0]},
					{"origin": [-3, 14, 12], "size": [1, 1, 1], "uv": [0, 0]},
					{"origin": [-2, 15, 12], "size": [1, 1, 1], "uv": [0, 0]},
					{"origin": [-2, 16, 12], "size": [1, 1, 1], "uv": [0, 0]},
					{"origin": [0, 16, 12], "size": [1, 1, 1], "uv": [0, 0]},
					{"origin": [2, 16, 12], "size": [1, 1, 1], "uv": [0, 0]},
					{"origin": [4, 13, 12], "size": [1, 1, 1], "uv": [0, 0]},
					{"origin": [-5, 6, 12], "size": [3, 2, 1], "uv": [0, 0]},
					{"origin": [-1, 7, 12], "size": [3, 2, 1], "uv": [0, 0]},
					{"origin": [3, 6, 12], "size": [3, 2, 1], "uv": [0, 0]},
					{"origin": [-5, 7, 11], "size": [3, 2, 3], "uv": [0, 0]},
					{"origin": [3, 7, 11], "size": [3, 2, 3], "uv": [0, 0]},
					{"origin": [4, 9, 12], "size": [1, 1, 1], "uv": [0, 0]},
					{"origin": [4, 10, 12], "size": [1, 1, 1], "uv": [0, 0]},
					{"origin": [4, 11, 12], "size": [1, 1, 1], "uv": [0, 0]},
					{"origin": [4, 12, 12], "size": [1, 1, 1], "uv": [0, 0]},
					{"origin": [-1, 8, 11], "size": [3, 2, 3], "uv": [0, 0]},
					{"origin": [0, 10, 12], "size": [1, 1, 1], "uv": [0, 0]},
					{"origin": [0, 11, 12], "size": [1, 1, 1], "uv": [0, 0]},
					{"origin": [0, 12, 12], "size": [1, 1, 1], "uv": [0, 0]},
					{"origin": [0, 13, 12], "size": [1, 1, 1], "uv": [0, 0]},
					{"origin": [0, 14, 12], "size": [1, 1, 1], "uv": [0, 0]},
					{"origin": [0, 15, 12], "size": [1, 1, 1], "uv": [0, 0]},
					{"origin": [3, 14, 12], "size": [1, 1, 1], "uv": [0, 0]},
					{"origin": [3, 15, 12], "size": [1, 1, 1], "uv": [0, 0]},
					{"origin": [-2, 17, 12], "size": [5, 1, 1], "uv": [0, 0]}
				]
			},
			{
				"name": "leg0",
				"pivot": [-4.5, 10, 6],
				"cubes": [
					{"origin": [-7.5, 0, 4], "size": [4, 10, 4], "uv": [48, 29]}
				]
			},
			{
				"name": "leg1",
				"pivot": [4.5, 10, 6],
				"cubes": [
					{"origin": [3.5, 0, 4], "size": [4, 10, 4], "uv": [48, 30]}
				]
			},
			{
				"name": "leg2",
				"pivot": [-3.5, 10, -8],
				"cubes": [
					{"origin": [-6.5, 0, -9], "size": [4, 10, 5], "uv": [50, 40]}
				]
			},
			{
				"name": "leg3",
				"pivot": [3.5, 10, -8],
				"cubes": [
					{"origin": [2.5, 0, -9], "size": [4, 10, 5], "uv": [50, 40]}
				]
			}
		]
	}
,
	"geometry.evoker": {
		"texturewidth": 32,
		"textureheight": 32,
		"bones": [
			{
				"name": "head",
				"pivot": [0, 3, -7.5],
				"cubes": [
					{"origin": [-2, 1, -10], "size": [4, 4, 5], "uv": [14, 0]}
				]
			},
			{
				"name": "body",
				"pivot": [0, 24, 0],
				"cubes": [
					{"origin": [-2, 0, 2], "size": [4, 3, 2], "uv": [11, 23]},
					{"origin": [-1, 0, 22], "size": [2, 1, 1], "uv": [12, 26]},
					{"origin": [-2, 0, 21], "size": [4, 2, 1], "uv": [9, 24]},
					{"origin": [-2, 0, 20], "size": [4, 3, 1], "uv": [6, 24]},
					{"origin": [-2, 0, 12], "size": [4, 3, 8], "uv": [0, 9]},
					{"origin": [-2, 0, 4], "size": [4, 3, 8], "uv": [0, 9]},
					{"origin": [-2, 0, -6], "size": [4, 3, 8], "uv": [0, 9]}
				]
			}
		]
	}
,
	"geometry.horse": {
		"texturewidth": 128,
		"textureheight": 128,
		"bones": [
			{
				"name": "Body",
				"pivot": [0, 13, 9],
				"cubes": [
					{"origin": [-5, 11, -10], "size": [10, 10, 24], "uv": [0, 34]}
				]
			},
			{
				"name": "TailA",
				"pivot": [0, 21, 14],
				"rotation": [-65, 0, 0],
				"cubes": [
					{"origin": [-1, 20, 14], "size": [2, 2, 3], "uv": [44, 0]}
				]
			},
			{
				"name": "TailB",
				"pivot": [0, 21, 14],
				"rotation": [-65, 0, 0],
				"cubes": [
					{"origin": [-1.5, 19, 17], "size": [3, 4, 7], "uv": [38, 7]}
				]
			},
			{
				"name": "TailC",
				"pivot": [0, 21, 14],
				"rotation": [-80.34, 0, 0],
				"cubes": [
					{"origin": [-1.5, 21.5, 23], "size": [3, 4, 7], "uv": [24, 3]}
				]
			},
			{
				"name": "Leg1A",
				"pivot": [4, 15, 11],
				"cubes": [
					{"origin": [1.5, 8, 8.5], "size": [4, 9, 5], "uv": [78, 29]}
				]
			},
			{
				"name": "Leg1B",
				"pivot": [4, 8, 11],
				"cubes": [
					{"origin": [2, 3, 9.5], "size": [3, 5, 3], "uv": [78, 43]}
				]
			},
			{
				"name": "Leg1C",
				"pivot": [4, 8, 11],
				"cubes": [
					{"origin": [1.5, -0.1, 9], "size": [4, 3, 4], "uv": [78, 51]}
				]
			},
			{
				"name": "Leg2A",
				"pivot": [-4, 15, 11],
				"cubes": [
					{"origin": [-5.5, 8, 8.5], "size": [4, 9, 5], "uv": [96, 29]}
				]
			},
			{
				"name": "Leg2B",
				"pivot": [-4, 8, 11],
				"cubes": [
					{"origin": [-5, 3, 9.5], "size": [3, 5, 3], "uv": [96, 43]}
				]
			},
			{
				"name": "Leg2C",
				"pivot": [-4, 8, 11],
				"cubes": [
					{"origin": [-5.5, -0.1, 9], "size": [4, 3, 4], "uv": [96, 51]}
				]
			},
			{
				"name": "Leg3A",
				"pivot": [4, 15, -8],
				"cubes": [
					{"origin": [2.1, 8, -10.1], "size": [3, 8, 4], "uv": [44, 29]}
				]
			},
			{
				"name": "Leg3B",
				"pivot": [4, 8, -8],
				"cubes": [
					{"origin": [2.1, 3, -9.6], "size": [3, 5, 3], "uv": [44, 41]}
				]
			},
			{
				"name": "Leg3C",
				"pivot": [4, 8, -8],
				"cubes": [
					{"origin": [1.6, -0.1, -10.1], "size": [4, 3, 4], "uv": [44, 51]}
				]
			},
			{
				"name": "Leg4A",
				"pivot": [-4, 15, -8],
				"cubes": [
					{"origin": [-5.1, 8, -10.1], "size": [3, 8, 4], "uv": [60, 29]}
				]
			},
			{
				"name": "Leg4B",
				"pivot": [-4, 8, -8],
				"cubes": [
					{"origin": [-5.1, 3, -9.6], "size": [3, 5, 3], "uv": [60, 41]}
				]
			},
			{
				"name": "Leg4C",
				"pivot": [-4, 8, -8],
				"cubes": [
					{"origin": [-5.6, -0.1, -10.1], "size": [4, 3, 4], "uv": [60, 51]}
				]
			},
			{
				"name": "Head",
				"pivot": [0, 20, -10],
				"rotation": [30, 0, 0],
				"cubes": [
					{"origin": [-2.5, 25, -11.5], "size": [5, 5, 7], "uv": [0, 0]}
				]
			},
			{
				"name": "UMouth",
				"pivot": [0, 20.05, -10],
				"rotation": [30, 0, 0],
				"cubes": [
					{"origin": [-2, 27.05, -17], "size": [4, 3, 6], "uv": [24, 18]}
				]
			},
			{
				"name": "LMouth",
				"pivot": [0, 20, -10],
				"rotation": [30, 0, 0],
				"cubes": [
					{"origin": [-2, 25, -16.5], "size": [4, 2, 5], "uv": [24, 27]}
				]
			},
			{
				"name": "Ear1",
				"pivot": [0, 20, -10],
				"rotation": [30, 0, 0],
				"cubes": [
					{"origin": [0.45, 29, -6], "size": [2, 3, 1], "uv": [0, 0]}
				]
			},
			{
				"name": "Ear2",
				"pivot": [0, 20, -10],
				"rotation": [30, 0, 0],
				"cubes": [
					{"origin": [-2.45, 29, -6], "size": [2, 3, 1], "uv": [0, 0]}
				]
			},
			{
				"name": "MuleEarL",
				"pivot": [0, 20, -10],
				"rotation": [30, 0, 15],
				"cubes": [
					{"origin": [-2, 29, -6], "size": [2, 7, 1], "uv": [0, 12]}
				]
			},
			{
				"name": "MuleEarR",
				"pivot": [0, 20, -10],
				"rotation": [30, 0, -15],
				"cubes": [
					{"origin": [0, 29, -6], "size": [2, 7, 1], "uv": [0, 12]}
				]
			},
			{
				"name": "Neck",
				"pivot": [0, 20, -10],
				"rotation": [30, 0, 0],
				"cubes": [
					{"origin": [-2.05, 15.8, -12], "size": [4, 14, 8], "uv": [0, 12]}
				]
			},
			{
				"name": "Bag1",
				"pivot": [-7.5, 21, 10],
				"rotation": [0, 90, 0],
				"cubes": [
					{"origin": [-10.5, 13, 10], "size": [8, 8, 3], "uv": [0, 34]}
				]
			},
			{
				"name": "Bag2",
				"pivot": [4.5, 21, 10],
				"rotation": [0, 90, 0],
				"cubes": [
					{"origin": [1.5, 13, 10], "size": [8, 8, 3], "uv": [0, 47]}
				]
			},
			{
				"name": "Saddle",
				"pivot": [0, 22, 2],
				"cubes": [
					{"origin": [-5, 21, -1], "size": [10, 1, 8], "uv": [80, 0]}
				]
			},
			{
				"name": "SaddleB",
				"pivot": [0, 22, 2],
				"cubes": [
					{"origin": [-1.5, 22, -1], "size": [3, 1, 2], "uv": [106, 9]}
				]
			},
			{
				"name": "SaddleC",
				"pivot": [0, 22, 2],
				"cubes": [
					{"origin": [-4, 22, 5], "size": [8, 1, 2], "uv": [80, 9]}
				]
			},
			{
				"name": "SaddleL2",
				"pivot": [5, 21, 2],
				"cubes": [
					{"origin": [4.5, 13, 1], "size": [1, 2, 2], "uv": [74, 0]}
				]
			},
			{
				"name": "SaddleL",
				"pivot": [5, 21, 2],
				"cubes": [
					{"origin": [4.5, 15, 1.5], "size": [1, 6, 1], "uv": [70, 0]}
				]
			},
			{
				"name": "SaddleR2",
				"pivot": [-5, 21, 2],
				"cubes": [
					{"origin": [-5.5, 13, 1], "size": [1, 2, 2], "uv": [74, 4]}
				]
			},
			{
				"name": "SaddleR",
				"pivot": [-5, 21, 2],
				"cubes": [
					{"origin": [-5.5, 15, 1.5], "size": [1, 6, 1], "uv": [80, 0]}
				]
			},
			{
				"name": "SaddleMouthL",
				"pivot": [0, 20, -10],
				"rotation": [30, 0, 0],
				"cubes": [
					{"origin": [1.5, 26, -14], "size": [1, 2, 2], "uv": [74, 13]}
				]
			},
			{
				"name": "SaddleMouthR",
				"pivot": [0, 20, -10],
				"rotation": [30, 0, 0],
				"cubes": [
					{"origin": [-2.5, 26, -14], "size": [1, 2, 2], "uv": [74, 13]}
				]
			},
			{
				"name": "SaddleMouthLine",
				"pivot": [0, 20, -10],
				"cubes": [
					{"origin": [2.6, 23, -16], "size": [0, 3, 16], "uv": [44, 10]}
				]
			},
			{
				"name": "SaddleMouthLineR",
				"pivot": [0, 20, -10],
				"cubes": [
					{"origin": [-2.6, 23, -16], "size": [0, 3, 16], "uv": [44, 5]}
				]
			},
			{
				"name": "Mane",
				"pivot": [0, 20, -10],
				"rotation": [30, 0, 0],
				"cubes": [
					{"origin": [-1, 15.5, -5], "size": [2, 16, 4], "uv": [58, 0]}
				]
			},
			{
				"name": "HeadSaddle",
				"pivot": [0, 20, -10],
				"rotation": [30, 0, 0],
				"cubes": [
					{"origin": [-2.5, 25.1, -17], "size": [5, 5, 12], "uv": [80, 12], "inflate": 0.05}
				]
			}
		]
	}
,	"geometry.horse.v2": {
		"texturewidth": 128,
		"textureheight": 128,
		"bones": [
			{
				"name": "Body",
				"pivot": [0, 13, 9],
				"cubes": [
					{"origin": [-5, 11, -10], "size": [10, 10, 24], "uv": [0, 34]}
				]
			},
			{
				"name": "TailA",
				"pivot": [0, 21, 14],
				"rotation": [-65, 0, 0],
				"cubes": [
					{"origin": [-1, 20, 14], "size": [2, 2, 3], "uv": [44, 0]}
				]
			},
			{
				"name": "TailB",
				"pivot": [0, 21, 14],
				"rotation": [-65, 0, 0],
				"cubes": [
					{"origin": [-1.5, 19, 17], "size": [3, 4, 7], "uv": [38, 7]}
				]
			},
			{
				"name": "TailC",
				"pivot": [0, 21, 14],
				"rotation": [-80.34, 0, 0],
				"cubes": [
					{"origin": [-1.5, 21.5, 23], "size": [3, 4, 7], "uv": [24, 3]}
				]
			},
			{
				"name": "Leg1A",
				"pivot": [4, 15, 11],
				"cubes": [
					{"origin": [1.5, 8, 8.5], "size": [4, 9, 5], "uv": [78, 29]}
				]
			},
			{
				"name": "Leg1B",
				"pivot": [4, 8, 11],
				"cubes": [
					{"origin": [2, 3, 9.5], "size": [3, 5, 3], "uv": [78, 43]}
				]
			},
			{
				"name": "Leg1C",
				"pivot": [4, 8, 11],
				"cubes": [
					{"origin": [1.5, -0.1, 9], "size": [4, 3, 4], "uv": [78, 51]}
				]
			},
			{
				"name": "Leg2A",
				"pivot": [-4, 15, 11],
				"cubes": [
					{"origin": [-5.5, 8, 8.5], "size": [4, 9, 5], "uv": [96, 29]}
				]
			},
			{
				"name": "Leg2B",
				"pivot": [-4, 8, 11],
				"cubes": [
					{"origin": [-5, 3, 9.5], "size": [3, 5, 3], "uv": [96, 43]}
				]
			},
			{
				"name": "Leg2C",
				"pivot": [-4, 8, 11],
				"cubes": [
					{"origin": [-5.5, -0.1, 9], "size": [4, 3, 4], "uv": [96, 51]}
				]
			},
			{
				"name": "Leg3A",
				"pivot": [4, 15, -8],
				"cubes": [
					{"origin": [2.1, 8, -10.1], "size": [3, 8, 4], "uv": [44, 29]}
				]
			},
			{
				"name": "Leg3B",
				"pivot": [4, 8, -8],
				"cubes": [
					{"origin": [2.1, 3, -9.6], "size": [3, 5, 3], "uv": [44, 41]}
				]
			},
			{
				"name": "Leg3C",
				"pivot": [4, 8, -8],
				"cubes": [
					{"origin": [1.6, -0.1, -10.1], "size": [4, 3, 4], "uv": [44, 51]}
				]
			},
			{
				"name": "Leg4A",
				"pivot": [-4, 15, -8],
				"cubes": [
					{"origin": [-5.1, 8, -10.1], "size": [3, 8, 4], "uv": [60, 29]}
				]
			},
			{
				"name": "Leg4B",
				"pivot": [-4, 8, -8],
				"cubes": [
					{"origin": [-5.1, 3, -9.6], "size": [3, 5, 3], "uv": [60, 41]}
				]
			},
			{
				"name": "Leg4C",
				"pivot": [-4, 8, -8],
				"cubes": [
					{"origin": [-5.6, -0.1, -10.1], "size": [4, 3, 4], "uv": [60, 51]}
				]
			},
			{
				"name": "Head",
				"pivot": [0, 20, -10],
				"rotation": [30, 0, 0],
				"cubes": [
					{"origin": [-2.5, 25, -11.5], "size": [5, 5, 7], "uv": [0, 0]}
				]
			},
			{
				"name": "UMouth",
				"pivot": [0, 20.05, -10],
				"rotation": [30, 0, 0],
				"cubes": [
					{"origin": [-2, 27.05, -17], "size": [4, 3, 6], "uv": [24, 18]}
				]
			},
			{
				"name": "LMouth",
				"pivot": [0, 20, -10],
				"rotation": [30, 0, 0],
				"cubes": [
					{"origin": [-2, 25, -16.5], "size": [4, 2, 5], "uv": [24, 27]}
				]
			},
			{
				"name": "Ear1",
				"pivot": [0, 20, -10],
				"rotation": [30, 0, 0],
				"cubes": [
					{"origin": [0.45, 29, -6], "size": [2, 3, 1], "uv": [0, 0]}
				]
			},
			{
				"name": "Ear2",
				"pivot": [0, 20, -10],
				"rotation": [30, 0, 0],
				"cubes": [
					{"origin": [-2.45, 29, -6], "size": [2, 3, 1], "uv": [0, 0]}
				]
			},
			{
				"name": "MuleEarL",
				"pivot": [0, 20, -10],
				"rotation": [30, 0, 15],
				"cubes": [
					{"origin": [-2, 29, -6], "size": [2, 7, 1], "uv": [0, 12]}
				]
			},
			{
				"name": "MuleEarR",
				"pivot": [0, 20, -10],
				"rotation": [30, 0, -15],
				"cubes": [
					{"origin": [0, 29, -6], "size": [2, 7, 1], "uv": [0, 12]}
				]
			},
			{
				"name": "Neck",
				"pivot": [0, 20, -10],
				"rotation": [30, 0, 0],
				"cubes": [
					{"origin": [-2.05, 15.8, -12], "size": [4, 14, 8], "uv": [0, 12]}
				]
			},
			{
				"name": "Bag1",
				"pivot": [-7.5, 21, 10],
				"rotation": [0, 90, 0],
				"cubes": [
					{"origin": [-10.5, 13, 10], "size": [8, 8, 3], "uv": [0, 34]}
				]
			},
			{
				"name": "Bag2",
				"pivot": [4.5, 21, 10],
				"rotation": [0, 90, 0],
				"cubes": [
					{"origin": [1.5, 13, 10], "size": [8, 8, 3], "uv": [0, 47]}
				]
			},
			{
				"name": "Saddle",
				"pivot": [0, 22, 2],
				"cubes": [
					{"origin": [-5, 21, -1], "size": [10, 1, 8], "uv": [80, 0]}
				]
			},
			{
				"name": "SaddleB",
				"pivot": [0, 22, 2],
				"cubes": [
					{"origin": [-1.5, 22, -1], "size": [3, 1, 2], "uv": [106, 9]}
				]
			},
			{
				"name": "SaddleC",
				"pivot": [0, 22, 2],
				"cubes": [
					{"origin": [-4, 22, 5], "size": [8, 1, 2], "uv": [80, 9]}
				]
			},
			{
				"name": "SaddleL2",
				"pivot": [5, 21, 2],
				"cubes": [
					{"origin": [4.5, 13, 1], "size": [1, 2, 2], "uv": [74, 0]}
				]
			},
			{
				"name": "SaddleL",
				"pivot": [5, 21, 2],
				"cubes": [
					{"origin": [4.5, 15, 1.5], "size": [1, 6, 1], "uv": [70, 0]}
				]
			},
			{
				"name": "SaddleR2",
				"pivot": [-5, 21, 2],
				"cubes": [
					{"origin": [-5.5, 13, 1], "size": [1, 2, 2], "uv": [74, 4]}
				]
			},
			{
				"name": "SaddleR",
				"pivot": [-5, 21, 2],
				"cubes": [
					{"origin": [-5.5, 15, 1.5], "size": [1, 6, 1], "uv": [80, 0]}
				]
			},
			{
				"name": "SaddleMouthL",
				"pivot": [0, 20, -10],
				"rotation": [30, 0, 0],
				"cubes": [
					{"origin": [1.5, 26, -14], "size": [1, 2, 2], "uv": [74, 13]}
				]
			},
			{
				"name": "SaddleMouthR",
				"pivot": [0, 20, -10],
				"rotation": [30, 0, 0],
				"cubes": [
					{"origin": [-2.5, 26, -14], "size": [1, 2, 2], "uv": [74, 13]}
				]
			},
			{
				"name": "SaddleMouthLine",
				"pivot": [0, 20, -10],
				"cubes": [
					{"origin": [2.6, 23, -16], "size": [0, 3, 16], "uv": [44, 10]}
				]
			},
			{
				"name": "SaddleMouthLineR",
				"pivot": [0, 20, -10],
				"cubes": [
					{"origin": [-2.6, 23, -16], "size": [0, 3, 16], "uv": [44, 5]}
				]
			},
			{
				"name": "Mane",
				"pivot": [0, 20, -10],
				"rotation": [30, 0, 0],
				"cubes": [
					{"origin": [-1, 15.5, -5], "size": [2, 16, 4], "uv": [58, 0]}
				]
			},
			{
				"name": "HeadSaddle",
				"pivot": [0, 20, -10],
				"rotation": [30, 0, 0],
				"cubes": [
					{"origin": [-2.5, 25.1, -17], "size": [5, 5, 12], "uv": [80, 12], "inflate": 0.05}
				]
			}
		]
	}
,
	"geometry.vindicator": {
		"texturewidth": 82,
		"textureheight": 64,
		"bones": [
			{
				"name": "head",
				"pivot": [0, 24, 0],
				"cubes": [
					{"origin": [-1, 2, -3], "size": [2, 1, 1], "uv": [38, 41]},
					{"origin": [-3, 1, -2], "size": [6, 5, 4], "uv": [55, 20]}
				]
			},
			{
				"name": "body",
				"pivot": [0, 24, 0],
				"cubes": [
					{"origin": [-4, 0, -3], "size": [8, 1, 6], "uv": [12, 0]}
				]
			}
		]
	}
,	"geometry.cow": {
		"texturewidth": 64,
		"textureheight": 32,
		"bones": [
			{
				"name": "body",
				"pivot": [-0.5, 20.83333, -14.33333],
				"rotation": [90, 0, 0],
				"reset": true,
				"cubes": [
					{"origin": [-1, 3, -32], "size": [1, 2, 1], "uv": [36, 6]},
					{"origin": [-1, 4, -33], "size": [1, 2, 1], "uv": [36, 6]},
					{"origin": [-2, 6, -34], "size": [3, 5, 2], "uv": [31, 1]}
				]
			},
			{
				"name": "head",
				"pivot": [-0.5, 4, -5.5],
				"reset": true,
				"cubes": [
					{"origin": [-2, 2, -7], "size": [3, 2, 3], "uv": [18, 7]},
					{"origin": [-3, 4, -6], "size": [1, 1, 1], "uv": [49, 1]},
					{"origin": [1, 4, -6], "size": [1, 1, 1], "uv": [49, 1]}
				]
			},
			{
				"name": "leg0",
				"pivot": [-1.5, 0.5, -0.5],
				"cubes": [
					{"origin": [-2, 0, -1], "size": [1, 2, 1], "uv": [31, 8]}
				]
			},
			{
				"name": "leg1",
				"pivot": [0.5, 0.5, -0.5],
				"cubes": [
					{"origin": [0, 0, -1], "size": [1, 2, 1], "uv": [31, 7]}
				]
			},
			{
				"name": "leg2",
				"pivot": [-1.5, 0.5, -4.5],
				"cubes": [
					{"origin": [-2, 0, -5], "size": [1, 2, 1], "uv": [31, 9]}
				]
			},
			{
				"name": "leg3",
				"pivot": [0.5, 0.5, -4.5],
				"cubes": [
					{"origin": [0, 0, -5], "size": [1, 2, 1], "uv": [31, 8]}
				]
			}
		]
	}
,
	"geometry.villager.witch": {
		"texturewidth": 64,
		"textureheight": 64,
		"bones": [
			{
				"name": "body", 
				"pivot": [0, 4, 0],
				"rotation": [-6.5, 0, 0],
				"cubes": [
					{
						"origin": [-2, -0.9999999999999991, -22],
						"size": [3, 4, 4],
						"uv": [43, 44]
					},
					{
						"origin": [-2, 8.881784197001252e-16, -18],
						"size": [3, 4, 3],
						"uv": [52, 22]
					},
					{
						"origin": [
							-1.9999999999999991,
							3.000000000000001,
							-15
						],
						"size": [3, 4, 3],
						"uv": [52, 37]
					},
					{
						"origin": [-2, 2.000000000000001, -15],
						"size": [3, 1, 2],
						"uv": [40, 61]
					},
					{
						"origin": [-2, 1.0000000000000009, -15],
						"size": [3, 1, 1],
						"uv": [42, 62]
					},
					{
						"origin": [
							-1.0000000000000002,
							4.000000000000001,
							-16
						],
						"size": [1, 1, 1],
						"uv": [58, 62]
					},
					{
						"origin": [-2, 7, -14],
						"size": [3, 4, 4],
						"uv": [14, 37]
					},
					{
						"origin": [-2, 4.000000000000001, -12],
						"size": [3, 3, 1],
						"uv": [39, 60]
					},
					{
						"origin": [-2, 11, -15],
						"size": [3, 3, 4],
						"uv": [15, 22]
					},
					{
						"origin": [-2, 14, -14],
						"size": [3, 1, 2],
						"uv": [40, 61]
					},
					{
						"origin": [-2, 15, -14],
						"size": [3, 1, 1],
						"uv": [42, 62]
					},
					{
						"origin": [-2, 14, -18],
						"size": [3, 3, 4],
						"uv": [50, 11]
					},
					{
						"origin": [-0.9999999999999999, 13, -16],
						"size": [1, 1, 1],
						"uv": [55, 62]
					},
					{
						"origin": [-2, 15, -22],
						"size": [3, 4, 4],
						"uv": [29, 45]
					},
					{
						"origin": [-2, 17, -18],
						"size": [3, 1, 3],
						"uv": [37, 60]
					},
					{
						"origin": [
							-1.9999999999999982,
							8.881784197001252e-16,
							-25
						],
						"size": [3, 4, 3],
						"uv": [35, 22]
					},
					{
						"origin": [
							-1.9999999999999991,
							3.000000000000001,
							-28
						],
						"size": [3, 4, 3],
						"uv": [35, 0]
					},
					{
						"origin": [-2, 2.000000000000001, -27],
						"size": [3, 1, 2],
						"uv": [40, 61]
					},
					{
						"origin": [-2, 1.0000000000000009, -26],
						"size": [3, 1, 1],
						"uv": [42, 62]
					},
					{
						"origin": [-1, 4.000000000000001, -25],
						"size": [1, 1, 1],
						"uv": [58, 62]
					},
					{
						"origin": [-2, 7, -30],
						"size": [3, 4, 4],
						"uv": [0, 36]
					},
					{
						"origin": [-2, 4.000000000000001, -29],
						"size": [3, 3, 1],
						"uv": [36, 59]
					},
					{
						"origin": [-2.000000000000001, 11, -29],
						"size": [3, 3, 4],
						"uv": [35, 9]
					},
					{
						"origin": [-1.9999999999999982, 14, -26],
						"size": [3, 3, 4],
						"uv": [50, 0]
					},
					{
						"origin": [-2, 17, -25],
						"size": [3, 1, 3],
						"uv": [37, 60]
					},
					{
						"origin": [-2, 14, -28],
						"size": [3, 1, 2],
						"uv": [40, 61]
					},
					{
						"origin": [-2, 15, -27],
						"size": [3, 1, 1],
						"uv": [42, 62]
					},
					{
						"origin": [-1, 13, -25],
						"size": [1, 1, 1],
						"uv": [58, 62]
					},
					{
						"origin": [-1.5000000000000002, 7.5, -21.5],
						"size": [2, 3, 3],
						"uv": [43, 52]
					},
					{
						"origin": [-1, 7, -19],
						"size": [1, 1, 1],
						"uv": [58, 62]
					},
					{
						"origin": [-1, 6.000000000000001, -18],
						"size": [1, 1, 1],
						"uv": [58, 62]
					},
					{
						"origin": [-1, 5.000000000000002, -17],
						"size": [1, 1, 1],
						"uv": [58, 62]
					},
					{
						"origin": [-0.9999999999999999, 3, -20.5],
						"size": [1, 5, 1],
						"uv": [8, 50]
					},
					{
						"origin": [-1, 8.5, -19],
						"size": [1, 1, 5],
						"uv": [51, 58]
					},
					{
						"origin": [-1, 7.0000000000000036, -22],
						"size": [1, 1, 1],
						"uv": [58, 62]
					},
					{
						"origin": [-1, 6.000000000000001, -23],
						"size": [1, 1, 1],
						"uv": [58, 62]
					},
					{
						"origin": [-1, 5.000000000000001, -24],
						"size": [1, 1, 1],
						"uv": [58, 62]
					},
					{
						"origin": [-1, 10.000000000000002, -19],
						"size": [1, 1, 1],
						"uv": [58, 62]
					},
					{
						"origin": [-1, 11, -18],
						"size": [1, 1, 1],
						"uv": [58, 62]
					},
					{
						"origin": [-1, 12, -17],
						"size": [1, 1, 1],
						"uv": [58, 62]
					},
					{
						"origin": [
							-1,
							8.500000000000002,
							-26.000000000000004
						],
						"size": [1, 1, 5],
						"uv": [51, 58]
					},
					{
						"origin": [-1, 10, -20.5],
						"size": [1, 5, 1],
						"uv": [8, 50]
					},
					{
						"origin": [-1, 10.000000000000002, -22],
						"size": [1, 1, 1],
						"uv": [58, 62]
					},
					{
						"origin": [-1, 11.000000000000002, -23],
						"size": [1, 1, 1],
						"uv": [57, 62]
					},
					{
						"origin": [-1, 12.000000000000002, -24],
						"size": [1, 1, 1],
						"uv": [57, 62]
					},
					{
						"origin": [0.4999999999999998, 8.5, -20.5],
						"size": [1, 1, 1],
						"uv": [43, 56]
					},
					{
						"origin": [-2.5, 8.500000000000002, -20.5],
						"size": [1, 1, 1],
						"uv": [43, 56]
					},
					{
						"origin": [1.5, 8.5, -21],
						"size": [1, 14, 2],
						"uv": [19, 48]
					},
					{
						"origin": [-3.5, 8.5, -21],
						"size": [0.9999999999999996, 14, 2],
						"uv": [19, 48]
					},
					{
						"origin": [-2.9999999999999996, 21, -21],
						"size": [5, 3, 2],
						"uv": [29, 53]
					},
					{
						"origin": [
							-1.9999999999999998,
							24.000000000000004,
							-21
						],
						"size": [3, 4, 2],
						"uv": [13, 49]
					},
					{
						"origin": [-2, 25.000000000000004, -19],
						"size": [3, 2, 29],
						"uv": [0, 0]
					},
					{
						"origin": [-1.9999999999999998, 22, -19],
						"size": [3, 3, 5],
						"uv": [13, 54]
					},
					{
						"origin": [-1.9999999999999998, 20, -14],
						"size": [3, 3, 3],
						"uv": [16, 46]
					},
					{
						"origin": [
							-1.9999999999999998,
							18.000000000000004,
							-11
						],
						"size": [3, 3, 3],
						"uv": [16, 46]
					},
					{
						"origin": [
							-1.9999999999999998,
							16.000000000000007,
							-7.999999999999999
						],
						"size": [3, 3, 3],
						"uv": [16, 46]
					},
					{
						"origin": [
							-1.9999999999999998,
							14.000000000000004,
							-4.999999999999999
						],
						"size": [3, 3, 3],
						"uv": [16, 46]
					},
					{
						"origin": [
							-1.9999999999999998,
							13,
							-1.9999999999999982
						],
						"size": [3, 3, 2.999999999999999],
						"uv": [16, 46]
					},
					{
						"origin": [
							-1.9999999999999998,
							12,
							1.0000000000000027
						],
						"size": [3, 3, 5],
						"uv": [13, 54]
					},
					{
						"origin": [-1.9999999999999998, 12, 6],
						"size": [3, 13, 4],
						"uv": [15, 45]
					},
					{
						"origin": [
							-2,
							3.000000000000001,
							19.999999999999986
						],
						"size": [3, 4, 4],
						"uv": [43, 44]
					},
					{
						"origin": [-2, 4, 16.999999999999993],
						"size": [3, 4, 3],
						"uv": [35, 22]
					},
					{
						"origin": [-2, 4, 24],
						"size": [3, 4, 3],
						"uv": [52, 22]
					},
					{
						"origin": [-2, 7, 27],
						"size": [3, 4, 3],
						"uv": [52, 37]
					},
					{
						"origin": [-2, 7, 13.999999999999993],
						"size": [3, 4, 3],
						"uv": [35, 0]
					},
					{
						"origin": [
							-2,
							10.999999999999998,
							11.999999999999993
						],
						"size": [3, 4, 4],
						"uv": [0, 36]
					},
					{
						"origin": [
							-2,
							10.999999999999998,
							27.999999999999993
						],
						"size": [3, 4, 4],
						"uv": [14, 37]
					},
					{
						"origin": [-2, 15, 26.999999999999993],
						"size": [3, 3, 4],
						"uv": [15, 22]
					},
					{
						"origin": [-2, 18, 24],
						"size": [3, 3, 4],
						"uv": [50, 11]
					},
					{
						"origin": [-2, 18.999999999999996, 20],
						"size": [3, 4, 4],
						"uv": [29, 45]
					},
					{
						"origin": [
							-2,
							14.999999999999996,
							12.999999999999996
						],
						"size": [3, 3, 4],
						"uv": [35, 9]
					},
					{
						"origin": [-2, 18, 16],
						"size": [3, 3, 4],
						"uv": [50, 0]
					},
					{
						"origin": [-2, 6, 14.999999999999996],
						"size": [3, 1, 2],
						"uv": [40, 61]
					},
					{
						"origin": [-2, 8, 12.999999999999996],
						"size": [3, 3, 1],
						"uv": [39, 60]
					},
					{
						"origin": [-2, 5, 15.999999999999996],
						"size": [3, 1, 1],
						"uv": [42, 62]
					},
					{
						"origin": [
							-2,
							17.999999999999996,
							13.999999999999996
						],
						"size": [3, 1, 2],
						"uv": [40, 61]
					},
					{
						"origin": [
							-2,
							18.999999999999996,
							14.999999999999996
						],
						"size": [3, 1, 1],
						"uv": [42, 62]
					},
					{
						"origin": [-2, 20.999999999999996, 17],
						"size": [3, 1, 3],
						"uv": [37, 60]
					},
					{
						"origin": [-2, 21, 24],
						"size": [3, 1, 3],
						"uv": [37, 60]
					},
					{
						"origin": [-2, 17.999999999999996, 28],
						"size": [3, 1, 2],
						"uv": [40, 61]
					},
					{
						"origin": [
							-2,
							18.999999999999996,
							27.999999999999993
						],
						"size": [3, 1, 1],
						"uv": [42, 62]
					},
					{
						"origin": [-2, 8, 29.999999999999993],
						"size": [3, 3, 1],
						"uv": [39, 60]
					},
					{
						"origin": [-2, 6, 27],
						"size": [3, 1, 2],
						"uv": [40, 61]
					},
					{
						"origin": [-2, 5, 27],
						"size": [3, 1, 1],
						"uv": [42, 62]
					},
					{
						"origin": [-1.5, 11.5, 20.5],
						"size": [2, 3, 3],
						"uv": [43, 52]
					},
					{
						"origin": [-0.9999999999999999, 7, 21.5],
						"size": [1, 5, 1],
						"uv": [8, 50]
					},
					{
						"origin": [-1, 12.5, 23.000000000000004],
						"size": [1, 1, 4.9999999999999964],
						"uv": [51, 58]
					},
					{
						"origin": [
							-0.9999999999999999,
							12.5,
							15.999999999999993
						],
						"size": [1, 1, 5],
						"uv": [51, 58]
					},
					{
						"origin": [-1, 14, 21.5],
						"size": [1, 5, 1],
						"uv": [8, 50]
					},
					{
						"origin": [
							-1,
							11.000000000000002,
							19.999999999999996
						],
						"size": [1, 1, 1],
						"uv": [58, 62]
					},
					{
						"origin": [-1, 10, 18.999999999999996],
						"size": [1, 1, 1],
						"uv": [58, 62]
					},
					{
						"origin": [-1, 9, 17.999999999999996],
						"size": [1, 1, 1],
						"uv": [58, 62]
					},
					{
						"origin": [-1, 8, 16.999999999999996],
						"size": [1, 1, 1],
						"uv": [58, 62]
					},
					{
						"origin": [
							-1,
							10.999999999999998,
							22.999999999999993
						],
						"size": [1, 1, 1],
						"uv": [58, 62]
					},
					{
						"origin": [
							-1,
							9.999999999999998,
							23.999999999999986
						],
						"size": [1, 1, 1],
						"uv": [58, 62]
					},
					{
						"origin": [-1, 8.999999999999998, 25],
						"size": [1, 1, 1],
						"uv": [58, 62]
					},
					{
						"origin": [-1, 8, 26],
						"size": [1, 1, 1],
						"uv": [58, 62]
					},
					{
						"origin": [-1, 14, 19.999999999999996],
						"size": [1, 1, 1],
						"uv": [58, 62]
					},
					{
						"origin": [-1, 15, 19.000000000000004],
						"size": [1, 1, 1],
						"uv": [58, 62]
					},
					{
						"origin": [-1, 16, 17.999999999999996],
						"size": [1, 1, 1],
						"uv": [58, 62]
					},
					{
						"origin": [-1, 17, 16.999999999999996],
						"size": [1, 1, 1],
						"uv": [58, 62]
					},
					{
						"origin": [-1, 14, 23],
						"size": [1, 1, 1],
						"uv": [58, 62]
					},
					{
						"origin": [-1, 15, 24],
						"size": [1, 1, 1],
						"uv": [58, 62]
					},
					{
						"origin": [-1, 16, 25],
						"size": [1, 1, 1],
						"uv": [58, 62]
					},
					{
						"origin": [-1, 17, 25.999999999999993],
						"size": [1, 1, 1],
						"uv": [58, 62]
					},
					{
						"origin": [
							0.49999999999999956,
							12.499999999999998,
							21.5
						],
						"size": [1, 1, 1],
						"uv": [0, 0]
					},
					{
						"origin": [
							-2.4999999999999996,
							12.499999999999998,
							21.499999999999996
						],
						"size": [1, 1, 1],
						"uv": [0, 0]
					},
					{
						"origin": [
							1.5000000000000009,
							11.999999999999998,
							10
						],
						"size": [1, 2.0000000000000018, 13],
						"uv": [0, 49]
					},
					{
						"origin": [-3.5, 12, 10],
						"size": [1, 2, 13],
						"uv": [0, 49]
					},
					{
						"origin": [
							1.5,
							22.999999999999996,
							9.999999999999996
						],
						"size": [1, 2, 2],
						"uv": [13, 60]
					},
					{
						"origin": [
							1.4999999999999996,
							21.999999999999996,
							11.999999999999996
						],
						"size": [1, 2, 2],
						"uv": [12, 60]
					},
					{
						"origin": [
							1.5,
							19.999999999999996,
							14.000000000000004
						],
						"size": [1, 2, 2],
						"uv": [13, 60]
					},
					{
						"origin": [1.5, 18, 16],
						"size": [1, 2, 2],
						"uv": [13, 60]
					},
					{
						"origin": [
							1.4999999999999996,
							16,
							17.999999999999996
						],
						"size": [1, 2, 2],
						"uv": [13, 60]
					},
					{
						"origin": [1.5, 14, 19.999999999999993],
						"size": [1, 2, 2],
						"uv": [13, 60]
					},
					{
						"origin": [
							-3.499999999999999,
							22.999999999999996,
							9.999999999999996
						],
						"size": [1, 2, 2],
						"uv": [13, 60]
					},
					{
						"origin": [
							-3.5000000000000004,
							21.999999999999996,
							11.999999999999996
						],
						"size": [1, 2, 2],
						"uv": [13, 60]
					},
					{
						"origin": [
							-3.5,
							19.999999999999996,
							14.000000000000004
						],
						"size": [1, 2, 2],
						"uv": [13, 60]
					},
					{
						"origin": [-3.5, 18, 16],
						"size": [1, 2, 2],
						"uv": [13, 60]
					},
					{
						"origin": [-3.5, 16, 17.999999999999996],
						"size": [1, 2, 2],
						"uv": [13, 60]
					},
					{
						"origin": [
							-3.499999999999999,
							14,
							19.999999999999993
						],
						"size": [1, 2, 2],
						"uv": [13, 60]
					},
					{
						"origin": [
							-2,
							27.999999999999996,
							-21.999999999999996
						],
						"size": [3, 1, 2],
						"uv": [52, 61]
					},
					{
						"origin": [
							-2.9999999999999996,
							28.999999999999996,
							-22.999999999999996
						],
						"size": [5, 1, 2],
						"uv": [50, 61]
					},
					{
						"origin": [
							1.9999999999999991,
							29.99999999999999,
							-23
						],
						"size": [2, 1, 2],
						"uv": [0, 52]
					},
					{
						"origin": [
							-4.999999999999999,
							29.99999999999999,
							-23
						],
						"size": [2, 1, 2],
						"uv": [0, 52]
					},
					{
						"origin": [
							3.999999999999999,
							30.999999999999986,
							-23
						],
						"size": [1, 4, 2],
						"uv": [7, 50]
					},
					{
						"origin": [
							-6.000000000000001,
							30.999999999999986,
							-23
						],
						"size": [1, 4, 2],
						"uv": [7, 50]
					},
					{
						"origin": [5, 33.5, -22.5],
						"size": [3, 1, 1],
						"uv": [0, 55]
					},
					{
						"origin": [-9, 33.5, -22.5],
						"size": [3, 1, 1],
						"uv": [0, 55]
					},
					{
						"origin": [-4.999999999999998, 33.5, -22.5],
						"size": [10, 1, 1],
						"uv": [28, 62]
					},
					{
						"origin": [
							0.9999999999999996,
							11.999999999999998,
							7.9999999999999964
						],
						"size": [1, 2, 3],
						"uv": [10, 59]
					},
					{
						"origin": [
							-3,
							11.999999999999998,
							7.9999999999999964
						],
						"size": [1, 2, 3],
						"uv": [10, 59]
					},
					{
						"origin": [1, 23, 8],
						"size": [1, 2, 3],
						"uv": [13, 49]
					},
					{
						"origin": [-3, 23, 8],
						"size": [1, 2, 3],
						"uv": [13, 59]
					},
					{
						"origin": [-2.5, 24.999999999999996, 10],
						"size": [4, 1, 1],
						"uv": [46, 59]
					},
					{
						"origin": [
							-1.9999999999999991,
							27.000000000000004,
							6.999999999999998
						],
						"size": [3, 2, 3.0000000000000018],
						"uv": [0, 57]
					},
					{
						"origin": [
							-1.9999999999999996,
							28.999999999999993,
							7
						],
						"size": [3, 1, 4],
						"uv": [0, 44]
					},
					{
						"origin": [-4, 30, 11],
						"size": [7, 1, 3],
						"uv": [29, 58]
					},
					{
						"origin": [-2, 30, 6],
						"size": [3, 1, 5],
						"uv": [32, 58]
					},
					{
						"origin": [
							0.9999999999999996,
							29.999999999999993,
							10
						],
						"size": [1, 1, 1],
						"uv": [39, 58]
					},
					{
						"origin": [
							-2.9999999999999996,
							30.000000000000004,
							9.999999999999996
						],
						"size": [1, 1, 1],
						"uv": [39, 58]
					},
					{
						"origin": [
							-1,
							29.999999999999993,
							4.999999999999999
						],
						"size": [1, 1, 1],
						"uv": [39, 58]
					},
					{
						"origin": [
							0.9999999999999996,
							12.999999999999998,
							7
						],
						"size": [2, 1, 1],
						"uv": [3, 59]
					},
					{
						"origin": [
							-3.9999999999999996,
							13,
							6.999999999999997
						],
						"size": [2, 1, 1],
						"uv": [3, 59]
					},
					{
						"origin": [1.9999999999999996, 8, 7],
						"size": [1, 5, 1],
						"uv": [8, 50]
					},
					{
						"origin": [-3.9999999999999996, 14, 7],
						"size": [1, 5, 1],
						"uv": [8, 50]
					},
					{
						"origin": [2.9999999999999982, 8, 6.5],
						"size": [3, 1, 2],
						"uv": [28, 61]
					},
					{
						"origin": [-7, 18, 6.5],
						"size": [3, 1, 2],
						"uv": [28, 61]
					}
				]
			}
		]
	}
},	"geometry.ghast": {
		"texturewidth": 128,
		"textureheight": 64,
		"bones": [
			{
				"name": "tentacles_1",
				"pivot": [0.2, 7.5, 4],
				"mirror": true,
				"cubes": [
					{"origin": [-0.3, 7, 3], "size": [1, 1, 2], "uv": [24, 4]}
				]
			},
			{
				"name": "tentacles_2",
				"pivot": [0.2, 7.5, 6],
				"mirror": true,
				"cubes": [
					{"origin": [-0.3, 7, 5], "size": [1, 1, 2], "uv": [13, 35]}
				]
			},
			{
				"name": "tentacles_3",
				"pivot": [-0.2, 7.5, 7],
				"mirror": true,
				"cubes": [
					{"origin": [-0.7, 7, 6], "size": [1, 1, 2], "uv": [16, 42]}
				]
			},
			{
				"name": "tentacles_4",
				"pivot": [-2.2, 8.5, 8.5],
				"mirror": true,
				"cubes": [
					{"origin": [-2.7, 7, 8], "size": [1, 3, 1], "uv": [15, 42]}
				]
			},
			{
				"name": "tentacles_5",
				"pivot": [-1.3, 7.5, 8.5],
				"mirror": true,
				"cubes": [
					{"origin": [-2.8, 7, 8], "size": [3, 1, 1], "uv": [16, 45]}
				]
			},
			{
				"name": "tentacles_6",
				"pivot": [-2.7, 10.5, 9.5],
				"mirror": true,
				"cubes": [
					{"origin": [-3.2, 10, 8], "size": [1, 1, 3], "uv": [16, 43]}
				]
			},
			{
				"name": "tentacles_7",
				"pivot": [-2.8, 12, 10.5],
				"mirror": true,
				"cubes": [
					{"origin": [-3.3, 10, 10], "size": [1, 4, 1], "uv": [17, 42]}
				]
			},
			{
				"name": "tentacles_8",
				"pivot": [-3.8, 14, 10.5],
				"mirror": true,
				"cubes": [
					{"origin": [-4.3, 13, 10], "size": [1, 2, 1], "uv": [15, 44]}
				]
			},
			{
				"name": "body",
				"pivot": [0, 9.05556, -0.22222],
				"mirror": true,
				"cubes": [
					{"origin": [1, 5, -1], "size": [2, 3, 3], "uv": [10, 47]},
					{"origin": [1, 5, -4], "size": [2, 1, 6], "uv": [105, 56]},
					{"origin": [-3, 5, -4], "size": [2, 1, 6], "uv": [104, 56]},
					{"origin": [-3, 5, -1], "size": [2, 3, 3], "uv": [10, 47]},
					{"origin": [-1, 13, -3], "size": [2, 1, 1], "uv": [61, 20]},
					{"origin": [2, 9, 0], "size": [1, 3, 1], "uv": [120, 2]},
					{"origin": [-3, 9, 0], "size": [1, 3, 1], "uv": [103, 0]},
					{"origin": [-2, 12, -2], "size": [4, 4, 4], "uv": [10, 32]},
					{"origin": [-2, 6, -2], "size": [4, 6, 5], "uv": [10, 47]}
				]
			}
		]
	}
}