{
	"format_version": "1.8.0",
	"animations": {
		"animation.humanoid.jongkok": {
			"loop": true,
			"bones": {
				"root": {
					"rotation": [20, 0, 0],
					"position": [0, -5, 6]
				},
				"head": {
					"rotation": [-20, 0, 0]
				},
				"leftArm": {
					"rotation": [-85, 40, 0]
				},
				"rightArm": {
					"rotation": [-90, -25, 0]
				},
				"leftLeg": {
					"rotation": [10, 0, -5],
					"position": [1, 4, -2],
					"scale": [1, 0.8, 1]
				},
				"rightLeg": {
					"rotation": [-30, 0, 0],
					"position": [-1, 4, -2],
					"scale": [1, 0.8, 1]
				}
			}
		}
	}
}