{
	"format_version": "1.12.0",
	"minecraft:geometry": [
		{
			"description": {
				"identifier": "geometry.locker",
				"texture_width": 128,
				"texture_height": 128,
				"visible_bounds_width": 2,
				"visible_bounds_height": 2,
				"visible_bounds_offset": [0, 1, 0]
			},
			"bones": [
				{
					"name": "body",
					"pivot": [0, 0, 0],
					"cubes": [
						{"origin": [-8, 0, -8], "size": [1, 32, 15], "uv": [36, 0]},
						{"origin": [7, 0, -8], "size": [1, 32, 15], "uv": [19, 33]},
						{"origin": [14, 0, -1], "size": [1, 32, 16], "pivot": [7, 0, 0], "rotation": [0, -90, 0], "uv": [0, 0]},
						{"origin": [-7, 0, -8], "size": [14, 1, 15], "uv": [53, 32]},
						{"origin": [-7, 31, -8], "size": [14, 1, 15], "uv": [51, 51]}
					]
				},
				{
					"name": "door",
					"parent": "body",
					"pivot": [7, 16, -7],
					"rotation": [0, -90, 0],
					"cubes": [
						{"origin": [-7, 1, -8], "size": [14, 30, 1], "pivot": [7, 16, -7], "rotation": [0, 90, 0], "uv": [51, 67]}
					]
				}
			]
		}
	]
}