{
	"format_version": "1.12.0",
	"minecraft:geometry": [
		{
			"description": {
				"identifier": "geometry.Thomb",
				"texture_width": 64,
				"texture_height": 64,
				"visible_bounds_width": 2,
				"visible_bounds_height": 2,
				"visible_bounds_offset": [0, 1, 0]
			},
			"bones": [
				{
					"name": "body",
					"pivot": [0, 0, 0],
					"cubes": [
						{"origin": [-2, 0, -9], "size": [4, 1, 17], "uv": [0, 0]},
						{"origin": [2, 0, -8], "size": [4, 1, 16], "uv": [24, 24]},
						{"origin": [-6, 0, -8], "size": [4, 1, 16], "uv": [0, 18]},
						{"origin": [-7, 0, -5], "size": [1, 1, 13], "uv": [0, 35]},
						{"origin": [6, 0, -5], "size": [1, 1, 13], "uv": [25, 0]},
						{"origin": [-1, 1, 5], "size": [2, 11, 2], "uv": [0, 0]},
						{"origin": [-5, 12, 5], "size": [10, 2, 2], "uv": [24, 18]},
						{"origin": [-1, 14, 5], "size": [2, 4, 2], "uv": [8, 8]}
					]
				}
			]
		}
	]
}