{"packs":[{"can_be_redownloaded":false,"name":"Vanilla Resource Pack","uuid":"b7c8681a-f530-46e1-b611-49c2495452ff","version":[0,0,1]},{"can_be_redownloaded":false,"name":{"bg_BG":"Химия","cs_CZ":"Chemie","da_DK":"Kemi","de_DE":"Chemie","el_GR":"Χημεία","en_GB":"Chemistry","en_US":"Chemistry","es_ES":"Química","es_MX":"Química","fi_FI":"Kemia","fr_CA":"Chimie","fr_FR":"Chimie","hu_HU":"Vegyészet","id_ID":"Kimia","it_IT":"Chimica","ja_JP":"化学","ko_KR":"화학","nb_NO":"Kjemi","nl_NL":"Chemie","pl_PL":"Chemia","pt_BR":"Química","pt_PT":"Química","ru_RU":"Химия","sk_SK":"Chémia","sv_SE":"Kemi","tr_TR":"Kimya","uk_UA":"Хімія","zh_CN":"化学","zh_TW":"化學"},"uuid":"0fba4063-dba1-4281-9b89-ff9390653530","version":[1,0,0]}]}
