{
  "minecraft:entity": {
    "format_version": "1.1.0",

    "component_groups": {
      "minecraft:creeper_baby": {
        "minecraft:is_baby": {
        },
        "minecraft:scale": {
          "value": 1.0
        },

        "minecraft:ageable": {
          "duration": 1200,
          "feedItems": [
            "beef",
            "chicken"
          ],
          "grow_up": {
            "event": "minecraft:ageable_grow_up",
            "target": "self"
          }
        }
      },

      "minecraft:creeper_adult": {
        "minecraft:loot": {
          "table": "loot_tables/entities/bat.json"
        },
        "minecraft:breedable": {
          "requireTame": true,
          "breedsWith": {
            "mateType": "minecraft:creeper",
            "babyType": "minecraft:creeper",
            "breed_event": {
              "event": "minecraft:entity_born",
              "target": "baby"
            }
          },
          "breedItems": [
            "beef",
            "chicken"
          ]
        }
      },

      "minecraft:creeper_angry": {
        "minecraft:angry": {
          "duration": 20,
          "broadcastAnger": true,
          "broadcastRange": 20,
          "calm_event": {
            "event": "minecraft:on_calm",
            "target": "self"
          }
        },
        "minecraft:on_target_acquired": {
        }
      },

      "minecraft:creeper_wild": {
        "minecraft:behavior.avoid_mob_type": {
          "priority": 3,
          "entity_types": [
            {
              "filters": { "other_with_families": "ocelot" },
              "max_dist": 2,
              "walk_speed_multiplier": 1.5,
              "sprint_speed_multiplier": 1.5
            }
          ],
          "probability_per_strength": 0.14
        },
        "minecraft:tameable": {
          "probability": 100.0,
          "tameItems": "bone",
          "tame_event": {
            "event": "minecraft:on_tame",
            "target": "self"
          }
        },

       "minecraft:behavior.nearest_attackable_target": {
          "priority": 4,
          "attack_interval": 10,
          "entity_types": [
            {
              "filters": { "other_with_families": [ "other", "value", "vex"] },
              "max_dist": 26
            }
          ],
          "must_see": true
        },
        "minecraft:on_target_acquired": {
          "event": "minecraft:become_angry",
          "target": "self"
        },
        "minecraft:rideable": {
          "seat_count": 1,
          "family_types": [
            "zombie"
          ],
          "seats": {
            "position": [ 0.0, 0.6, -0.0 ]
          }
        }
      },

      "minecraft:creeper_tame": {
        "minecraft:is_tamed": {
        },
        "minecraft:health": {
          "value": 30,
          "max": 30
        },
        "minecraft:behavior.follow_owner": {
          "priority": 6,
          "speed_multiplier": 1.0,
          "start_distance": 10,
          "stop_distance": 2
        },
       "minecraft:attack": {
        "damage": 7,
        "effect_name": "poison",
        "effect_duration": 30
      },
        "minecraft:behavior.breed": {
          "priority": 7
        },

        "minecraft:behavior.owner_hurt_by_target": {
          "priority": 1
        },
        "minecraft:behavior.owner_hurt_target": {
          "priority": 2
        },
        "minecraft:behavior.nearest_attackable_target": {
          "priority": 5,
          "attack_interval": 10,
          "entity_types": [
            {
              "filters": { "other_with_families": "rabbit" },
              "max_dist": 16
            }
          ],
          "must_see": true
        },

        "minecraft:sittable": {
        },

        "minecraft:leashable": {
          "soft_distance": 4.0,
          "hard_distance": 6.0,
          "max_distance": 10.0,
          "on_leash": {
            "event": "minecraft:on_leash",
            "target": "self"
          },
          "on_unleash": {
            "event": "minecraft:on_unleash",
            "target": "self"
          }
        }
      },

      "minecraft:creeper_leashed": {
        "minecraft:behavior.move_towards_restriction": {
          "priority": 2,
          "speed_multiplier": 1.0
        }
      }
    },


    "components": {
      "minecraft:identifier": {
        "id": "minecraft:bat"
      },
      "minecraft:nameable": {
      },
      "minecraft:type_family": {
        "family": [ "wolf" ]
      },
      "minecraft:breathable": {
        "totalSupply": 15,
        "suffocateTime": 0
      },
      "minecraft:collision_box": {
        "width": 0.6,
        "height": 0.8
      },
      "minecraft:health": {
        "value": 15,
        "max": 15
      },
      "minecraft:movement": {
        "value": 0.2
      },   "minecraft:can_power_jump": {
      },
	  "minecraft:horse.jump_strength": {
        "value": {
          "range_min": 16.0, 
          "range_max": 1
        }
      },	  
   "minecraft:rideable": {
          "seat_count": 1,
          "interact_text": "Let's Take The Sky!",
          "seats": {
            "position": [ 0.0, 0.4, -0.1 ]
          }
        },
        "minecraft:input_ground_controlled": {
        },
 
      "minecraft:navigation.walk": {
        "can_float": true
      },
      "minecraft:movement.basic": {
      },
      "minecraft:jump.static": {
      },
      "minecraft:can_climb": {
      },
     "minecraft:attack": {
        "damage": 4,
        "effect_name": "poison",
        "effect_duration": 30
      },
      "minecraft:healable": {
        "items": [
          {
            "item": "chicken",
            "heal_amount": 14
          },
          {
            "item": "beef",
            "heal_amount": 20
          }
        ]
      },
      "minecraft:behavior.float": {
        "priority": 0
      },
      "minecraft:behavior.mount_pathing": {
        "priority": 1,
        "speed_multiplier": 1.25,
        "target_dist": 0,
        "track_target": true
      },
      "minecraft:behavior.stay_while_sitting": {
        "priority": 3
      },
      "minecraft:behavior.leap_at_target": {
        "priority": 4,
        "target_dist": 0.4
      },
      "minecraft:behavior.melee_attack": {
        "priority": 5,
        "target_dist": 1.2,
        "track_target": true,
        "reach_multiplier": 1.0
      },
      "minecraft:behavior.random_stroll": {
        "priority": 8,
        "speed_multiplier": 1.0
      },
      "minecraft:behavior.beg": {
        "priority": 9,
        "look_distance": 8,
        "look_time": [ 2, 4 ],
        "items": [ "beef" ]
      },

      "minecraft:behavior.hurt_by_target": {
        "priority": 3
      }
    },


    "events": {
      "minecraft:entity_spawned": {
        "randomize": [
          {
            "weight": 9,
            "remove": {
            },
            "add": {
              "component_groups": [
                "minecraft:creeper_adult",
                "minecraft:creeper_wild"
              ]
            }
          },
          {
            "weight": 1,
            "remove": {
            },
            "add": {
              "component_groups": [
                "minecraft:creeper_baby",
                "minecraft:creeper_wild"
              ]

            }
          }
        ]
      },

      "minecraft:entity_born": {
        "remove": {
        },
        "add": {
          "component_groups": [
            "minecraft:creeper_baby",
            "minecraft:creeper_tame"
          ]
        }
      },

      "minecraft:ageable_grow_up": {
        "remove": {
          "component_groups": [
            "minecraft:creeper_baby"
          ]
        },
        "add": {
          "component_groups": [
            "minecraft:creeper_adult"
          ]
        }
      },

      "minecraft:ageable_set_adult": {
        "remove": {
          "component_groups": [
            "minecraft:creeper_baby"
          ]
        },
        "add": {
          "component_groups": [
            "minecraft:creeper_adult"
          ]
        }
      },

      "minecraft:on_tame": {
        "remove": {
          "component_groups": [
            "minecraft:creeper_wild"
          ]
        },
        "add": {
          "component_groups": [
            "minecraft:creeper_tame"
          ]
        }
      },
      "minecraft:become_angry": {
        "remove": {
          "component_groups": [
            "minecraft:creeper_wild"
          ]
        },
        "add": {
          "component_groups": [
            "minecraft:creeper_angry"
          ]
        }
      },
      "minecraft:on_calm": {
        "remove": {
          "component_groups": [
            "minecraft:creeper_angry"
          ]
        },
        "add": {
          "component_groups": [
            "minecraft:creeper_wild"
          ]
        }
      },

      "minecraft:on_leash": {
        "add": {
          "component_groups": [
            "minecraft:creeper_leashed"
          ]
        }
      },
      "minecraft:on_unleash": {
        "remove": {
          "component_groups": [
            "minecraft:creeper_leashed"
          ]
        }
      }
    }
  }
}
