{
  "minecraft:entity": {
    "format_version": "1.2.0",

    "component_groups": {
      "minecraft:polar_bear_pet": {
        "minecraft:loot": {
        "table": "loot_tables/entities/polar_bear.json"
        }
      },

      "minecraft:polar_bear_wild": {
        "minecraft:scale": {
        "value":1.0
       },
        "minecraft:tameable": {
          "probability": 100,
          "tameItems": "bone",
          "tame_event": {
            "event": "minecraft:on_tame",
            "target": "self"
          }
        },

        "minecraft:behavior.nearest_attackable_target": {
          "priority": 3,
          "entity_types": [
            {
              "filters": {  
                "any_of": [
                  { "test" :  "is_family", "subject" : "other", "player" :  "monster"},
                  { "test" :  "is_family", "subject" : "other", "player" :  "monster"},
                  { "test" :  "is_family", "subject" : "other", "value" :  "creeper"}
                ] 
			},
              "max_dist": 20
            }
          ],
          "must_see": true
        }
      },

      "minecraft:polar_bear_tame": {
        "minecraft:is_tamed": {
        },
        "minecraft:scale": {
        "value":1.0       },
        "minecraft:health": {
          "value": 55,
          "max": 60
        },
        "minecraft:healable": {
        "items": [
          {
            "item": "bone",
            "heal_amount": 3
          },
          {
            "item": "bone",
            "heal_amount": 5
          },
          {
            "item": "beetroot",
            "heal_amount": 10
          }
        ]
      },
        "minecraft:behavior.follow_owner": {
          "priority": 6,
          "speed_multiplier": 1.0,
          "start_distance": 10,
          "stop_distance": 2
        },
        "minecraft:attack": {
          "damage": 4
        },
        "minecraft:behavior.breed": {
          "priority": 7
        },

       "minecraft:behavior.owner_hurt_by_target": {
        "priority": 1,
        "entity_types": [
          {
            "filters": { "other_without_families": "monster" }
          }
        ]
      },
       "minecraft:behavior.owner_hurt_target": {
        "priority": 2,
        "entity_types": [
          {
            "filters": { "other_without_families": "monster" }
          }
        ]
      },
        "minecraft:behavior.nearest_attackable_target": {
          "priority": 2,
          "entity_types": [
            {
              "filters": { "test" :  "is_family", "subject" : "other", "value" :  "monster"},
              "max_dist": 16
            }
          ],
          "must_see": true
        },
      "minecraft:rideable": {
        "priority": 0,
        "seat_count": 1,
        "family_types": [
          "player"
        ],
        "interact_text": "action.interact.ride.horse",
        "seats": {
          "position": [ 0.0, 0.40, -0.20 ]
        }
      },
      "minecraft:behavior.player_ride_tamed": {
      },
      "minecraft:input_ground_controlled": {
      },
      "minecraft:can_power_jump": {
      },
      "minecraft:behavior.mount_pathing": {
        "priority": 2,
        "speed_multiplier": 1.5,
        "target_dist": 4.0,
        "track_target": true
        },
        "minecraft:leashable": {
          "soft_distance": 4.0,
          "hard_distance": 6.0,
          "max_distance": 10.0,
          "on_leash": {
            "event": "minecraft:on_leash",
            "target": "self"
          },
          "on_unleash": {
            "event": "minecraft:on_unleash",
            "target": "self"
          }
        }
      },

      "minecraft:stray_leashed": {
        "minecraft:behavior.move_towards_restriction": {
          "priority": 2,
          "speed_multiplier": 1.0
        }
      }
    },


    "components": {
      "minecraft:identifier": {
        "id": "minecraft:polar_bear"
      },
      "minecraft:nameable": {
      },
      "minecraft:type_family": {
        "family": [ "elemental", "cavespider" ]
      },
      "minecraft:breathable": {
        "totalSupply": 15,
        "suffocateTime": 0
      },
      "minecraft:health": {
        "value": 55,
        "max": 60
      },
      "minecraft:movement": {
        "value": 0.3
      },
      "minecraft:navigation.walk": {
        "can_float": true,
        "avoid_damage_blocks": true
      },
      "minecraft:movement.basic": {
      },
      "minecraft:jump.static": {
      },
      "minecraft:can_climb": {
      },
      "minecraft:attack": {
        "damage": 8      },
      "minecraft:behavior.float": {
        "priority": 0
      },
      "minecraft:behavior.stay_while_sitting": {
        "priority": 3
      },
      "minecraft:behavior.leap_at_target": {
        "priority": 4,
        "target_dist": 0.4
      },
             "minecraft:behavior.melee_attack": {
        "priority": 5,
        "target_dist": 1.2,
        "track_target": true,
        "reach_multiplier": 1.0
      },
      "minecraft:behavior.random_stroll": {
        "priority": 8,
        "speed_multiplier": 1.0
      },
      "minecraft:behavior.look_at_player": {
        "priority": 6,
        "target_distance": 6.0,
        "probability": 0.02
      },
      "minecraft:behavior.beg": {
        "priority": 9,
        "look_distance": 8,
        "look_time": [ 2, 4 ],
        "items": [ "bone" ]
      },
       "minecraft:behavior.hurt_by_target": {
        "priority": 3,
        "entity_types": [
          {
            "filters": { "other_without_families": "elemental" }
          }
        ]
      },
	    "minecraft:physics": {
      }
    },


    "events": {
      "minecraft:entity_spawned": {
        "randomize": [
          {
            "weight": 9,
            "remove": {
            },
            "add": {
              "component_groups": [
                "minecraft:polar_bear_pet",
                "minecraft:polar_bear_wild"
              ]
            }
          },
          {
            "weight": 1,
            "remove": {
            },
            "add": {
              "component_groups": [
                "minecraft:polar_bear_pet",
                "minecraft:polar_bear_wild"
              ]

            }
          }
        ]
      },

      "minecraft:on_tame": {
        "remove": {
          "component_groups": [
            "minecraft:polar_bear_wild"
          ]
        },
        "add": {
          "component_groups": [
            "minecraft:polar_bear_tame"

          ]
        }
      }
    }
  }
}
