{
  "minecraft:entity": {
    "format_version": 0.1,

    "components": {
      "minecraft:identifier": {
        "id": "minecraft:thrownegg"
      },
      "minecraft:collision_box": {
        "width": 0.01,
        "height": 0.01
      },
      "minecraft:projectile": {
        "particle": "largeexplode",
        "onHit": {
          "impact_damage": {
            "damage": 1,
            "knockback": true
          },
          "spawn_chance": {
            "firstSpawnChance": 1,
            "secondSpawnChance": 1,
            "firstSpawnCount": 9,
            "secondSpawnCount": 9,
            "spawnMob": "lightning_bolt",
            "spawnDefinition": "minecraft:lightning_bolt",
            "spawnBaby": false
          },
          "remove_on_hit": { }
        },
        "power": 3.0,
        "gravity": 0.025,
        "angleoffset": 0.0
      }
    }
  }
}