{
  "minecraft:entity": {
    "format_version": 0.1,
 
    "components": {
      "minecraft:identifier": {
        "id": "minecraft:witch"
      },
      "minecraft:health": {
        "value": 120,
        "max": 120
      },
      "minecraft:collision_box": {
        "width": 1.5,
        "height": 1.5
      },
      "minecraft:breathable": {
        "totalSupply": 5,
        "suffocateTime": 0
      },
      "minecraft:loot": {
        "table": "loot_tables/entities/bike.json"
      },
      "minecraft:movement": {
        "value": 0.27,
        "max": 0.27
      },
      "minecraft:fall_damage": {
        "value": 0.0 
      },
      "minecraft:scale": {
        "value": 0.7 
      },
	  "minecraft:fire_immune": true,
        "minecraft:rideable": {
          "seat_count": 1,
          "interact_text": "Ride",
          "seats": {
            "position": [ 0.0, 1.2, -0.8]
          }        
        },
        "minecraft:behavior.controlled_by_player": {
          "priority": 0
        },
"minecraft:input_ground_controlled": {
},
"minecraft:horse.jump_strength": {
        "value": 0.7
      }, 
	    "minecraft:can_power_jump": {
        },
        "minecraft:jump.static": {
        },
        "minecraft:behavior.float": {
          "priority": 0
        },

        "minecraft:type_family": {
          "family": [ "bike" ]
        }
    },

    "events": {
    }
  }
}