{
  "minecraft:entity": {
    "format_version": 0.1,

    "component_groups": {
      "minecraft:zombie_husk_baby": {
        "minecraft:is_baby": {  },
        "minecraft:scale": {
          "value":0.5
        },
        "minecraft:movement": {
          "value": 0.46,
          "max": 0.46
        }
      },

      "minecraft:zombie_husk_adult": {
        "minecraft:movement": {
          "value": 0.23,
          "max": 0.23
        }
      },

      "minecraft:zombie_husk_jockey": {
        "minecraft:behavior.find_mount": {
          "priority": 1,
          "within_radius": 16
        }
      },
        "minecraft:tamed_zombie": {
            "minecraft:type_family": {
        "family": [ "husk", "monster", "undead", "pet" ]
        },
         "minecraft:behavior.float": {
          "priority": 0
      },
        "minecraft:behavior.stay_while_sitting": {
        "priority": 1
      },
        "minecraft:behavior.owner_hurt_by_target": {
          "priority": 2
        },
        "minecraft:behavior.owner_hurt_target": {
          "priority": 3
        },
        "minecraft:behavior.hurt_by_target": {
         "priority": 4,
            "not_entity_types": [
            "player" 
          ]
      },
      "minecraft:behavior.melee_attack": {
        "priority": 5,
        "speed_multiplier": 1,
        "track_target": false
      },
        "minecraft:behavior.nearest_attackable_target": {
            "priority": 6,
            "within_radius": 25,
            "entity_types": [
                 {
                "filters": { "other_with_families": [ "monster" ],
                            "other_without_families": [ "pet", "player" ] },
                 "max_dist": 35
                 }
                ]
            },
            "minecraft:behavior.follow_owner": {
          "priority": 7,
          "speed_multiplier": 2.0,
          "start_distance": 10,
          "stop_distance": 2
        },
         "minecraft:behavior.random_stroll": {
        "priority": 8,
        "speed_multiplier": 1
      },
      "minecraft:behavior.look_at_player": {
        "priority": 9,
        "look_distance": 6,
        "probability": 0.02
      },
      "minecraft:behavior.random_look_around": {
        "priority": 10
      },
         "minecraft:sittable": {
        }
        }
    },

    "components": {
      "minecraft:identifier": {
        "id": "minecraft:husk"
      },
      "minecraft:collision_box": {
        "width": 0.6,
        "height": 1.8
      },
      "minecraft:nameable": {
      },
      
      // Zombie_husk Components
      "minecraft:type_family": {
        "family":["husk", "undead", "monster"]          
      },
      "minecraft:loot": {
        "table": "loot_tables/entities/zombie.json"
      },
      "minecraft:equipment": {
        "table": "loot_tables/entities/zombie_equipment.json"
      },
  
      "minecraft:health": {
        "value": 20,
        "max": 20
      },
      "minecraft:attack": {
        "damage": 3,
        "effect_name": "hunger",
        "effect_duration": 30
      },
      "minecraft:variant": {
        "value": 2
      },

      // Zombie_husk Behaviors
      "minecraft:behavior.float": {
        "priority": 0
      },
      "minecraft:behavior.break_door": {
        "priority": 1
      },
      "minecraft:behavior.hurt_by_target": {
        "priority": 3
      },
      "minecraft:behavior.melee_attack": {
        "priority": 3,
        "speed_multiplier": 1,
        "track_target": false
      },
      "minecraft:behavior.move_towards_restriction": {
        "priority": 4,
        "speed_multiplier": 1
      },
      "minecraft:behavior.nearest_attackable_target": {
        "priority": 5,
        "entity_types": [
          {
            "filters": { "other_with_families": [ "player", "irongolem", "snowgolem", "villager" ] },
            "max_dist": 16
          }
        ]
      },

      "minecraft:behavior.random_stroll": {
        "priority": 6,
        "speed_multiplier": 1
      },
      "minecraft:behavior.look_at_player": {
        "priority": 7,
        "look_distance": 6,
        "probability": 0.02
      },
      "minecraft:behavior.random_look_around": {
        "priority": 7
      },
        "minecraft:tameable": {
          "probability": 0.5,
          "tameItems": [ "porkchop", "beef", "chicken" ],
          "tame_event": {
            "event": "minecraft:on_tame",
            "target": "self"
          }
        }
    },

    "events": {
      "minecraft:entity_spawned": {
        "randomize": [
          {
            "weight": 9500,
            "remove": {
            },
            "add": {
              "component_groups": [
                "minecraft:zombie_husk_adult"
              ]
            }
          },
          {
            "weight": 425,
            "remove": {
            },
            "add": {
              "component_groups": [
                "minecraft:zombie_husk_baby"
              ]

            }
          },
          {
            "weight": 75,
            "remove": {
            },
            "add": {
              "component_groups": [
                "minecraft:zombie_husk_baby",
                "minecraft:zombie_husk_jockey"
              ]

            }
          }
        ]
      },
     "minecraft:on_tame": {
        "remove": {
          "component_groups": [
          ]
        },
        "add": {
          "component_groups": [
            "minecraft:tamed_zombie"
          ]
        }
      }
    }
  }
}
