{
  "namespace": "start",

  "ff_background": {
    "type": "image",
    "texture": "textures/freefire/ff_background",
    "layer": 3,
    "anchor_from": "center",
    "anchor_to": "center",
    "size": [ "100%", "100%" ]
  },
 
  "ff_dark_bg": {
    "type": "image",
    "texture": "textures/freefire/ff_dark",
    "nineslice_size": 1,
    "layer": 3
  },

  "ff_start": {
    "type": "image",
    "texture": "textures/freefire/ff_br_start",
    "layer": 3,
    "anchor_from": "center",
    "anchor_to": "center"
  },

  "one_panel@ff_dark_bg": {
    "orientation": "horizontal",
    "size": [ "16px", "16px" ],
    "layer": 3,
    "anchor_from": "top_right",
    "anchor_to": "top_right",
    "controls": [   
      {
        "buttons": {
          "type": "panel",
          "controls": [
            {
              "button1@common_buttons.light_glyph_button": {
                "sound_name": "freefire.click",
                "$pressed_button_name": "button.menu_settings",
                "size": [ 10, 10 ],
                "controls": [
                  {
                    "icon": {
                      "type": "image",
                      "offset": [ "default", "1px" ],
                      "texture": "textures/freefire/ff_settings",
                      "size": [ 10, 10 ]
                    }
                  }
                ]
              }
            }
          ]
        }
      }
    ]
  },

  "start_button@common_buttons.light_glyph_button": {
    "sound_name": "freefire.start",
    "$pressed_button_name": "button.menu_play",
    "anchor_from": "bottom_right",
    "anchor_to": "bottom_right",
    "offset": [ "default", "-14px" ],
    "size": [ 120, 30 ],
    "controls": [
      {
        "start_image@start.ff_start": {
          "size": [ 120, 94 ]
        }
      }
    ]
  },
 
  "ff_store_button@common_buttons.light_glyph_button": {
    "sound_name": "freefire.click",
    "$pressed_button_name": "button.menu_store",
    "anchor_from": "center",
    "anchor_to": "center",
    "size": [ 30, 30 ],
    "controls": [
      {
        "store_icon": {
          "type": "image", 
          "texture": "textures/freefire/ff_store_icon",
          "size": [ "30px", "30px" ]
        }
      }
    ]
  },
  
  "ff_skin_button@common_buttons.light_glyph_button": {
    "sound_name": "freefire.click",
    "$pressed_button_name": "button.menu_skins",
    "anchor_from": "center",
    "anchor_to": "center",
    "size": [ 52, 52 ],
    "controls": [
      {
        "skin_icon": {
          "type": "image", 
          "texture": "textures/freefire/ff_skin_icon",
          "size": [ "52px", "52px" ]
        }
      }
    ]
  },
  
  "ff_achievement_button@common_buttons.light_glyph_button": {
    "sound_name": "freefire.click",
    "$pressed_button_name": "button.menu_achievements",
    "anchor_from": "right_middle",
    "anchor_to": "right_middle",
    "size": [ 28, 28 ],
    "controls": [
      {
        "achievment_icon": {
          "type": "image", 
          "texture": "textures/freefire/ff_achievement_icon",
          "size": [ "28px", "28px" ]
        }
      }
    ]
  },

  "ff_buttons_panel": {
    "type": "image",
    "texture": "textures/freefire/ff_black",
    "nineslice_size": 1,
    "size": [ "26px", "100%" ],
    "offset": [ "default", "5%" ],
    "alpha": 0.60,
    "anchor_from": "left_middle",
    "anchor_to": "left_middle",
    "controls": [
      {
        "panel": {
          "type": "stack_panel",
          "orientation": "vertical",
          "controls": [
            {
              "store@start.ff_store_button": {}
            },
            {
              "skin@start.ff_skin_button": {}
            }
          ]
        }
      }
    ]
  },

  "ff_profile_panel": {
    "type": "image",
    "texture": "textures/freefire/ff_profile",
    "size": [ 120, 20 ],
    "offset": [ "-14px", 0 ],
    "anchor_from": "top_left",
    "anchor_to": "top_left",
    "controls": [
      {
        "panel": {
          "type": "panel",
          "controls": [
            {
              "name": {
                "type": "custom",
                "renderer": "name_tag_renderer",
                "font_type": "smooth",
                "layer": 4,
                "anchor_from": "center",
                "anchor_to": "center",
                "offset": [ 4, 0 ],
                "size": [ 8, 8 ],
                "bindings": [
                  {
                    "binding_name": "#playername"
                  }
                ]
              }
            }
          ]
        }
      }
    ]
  },

  //---------------------------------------------------------------------------
  // Skins Panel
  //---------------------------------------------------------------------------

  "change_skin_button@common_buttons.light_glyph_button": {
    "$pressed_button_name": "button.menu_skins",
    "size": [ 25, 25 ],
    "anchor_from": "bottom_middle",
    "anchor_to": "bottom_middle",
    "$button_content_offset": [ 1, 2 ],
    "$button_content": "start.change_skin_icon",
    "$pressed_alpha": 0.65,
    "$focus_id": "menu_skins_button"
  },

  "skin_viewer_panel": {
    "type": "input_panel",
    "anchor_from": "bottom_middle",
    "anchor_to": "bottom_middle",
    "size": [ "100%", "100%" ],
    "gesture_tracking_button": "button.turn_doll",
    "button_mappings": [
      {
        "from_button_id": "button.menu_select",
        "to_button_id": "button.turn_doll",
        "mapping_type": "pressed",
        "button_up_right_of_first_refusal": true
      }
    ],
    "controls": [
      {
        "paper_doll_panel": {
          "type": "panel",
          "size": [ "100%", "100% - 10px" ],
          "controls": [
            {
              "paper_doll": {
                "type": "custom",
                "renderer": "paper_doll_renderer",
                "layer": 2,
                "anchor_from": "bottom_middle",
                "anchor_to": "bottom_middle",
                "rotation": "gesture_x",
                "size": [ "98px", "200px" ],
                "offset": [ 0, -22 ],
                "animation_reset_name": "screen_animation_reset",
                "anims": [
                  "@common.screen_exit_size_animation_push",
                  "@common.screen_exit_size_animation_pop",
                  "@common.screen_entrance_size_animation_push",
                  "@common.screen_entrance_size_animation_pop"
                ],
                "bindings": [
                  {
                    "binding_type": "view",
                    "source_control_name": "viewer_panel",
                    "source_property_name": "#gesture_delta_source",
                    "target_property_name": "#gesture_delta_source"
                  },
                  {
                    "binding_type": "view",
                    "source_control_name": "viewer_panel",
                    "source_property_name": "#gesture_mouse_delta_x",
                    "target_property_name": "#gesture_mouse_delta_x"
                  }
                ]
              }
            }
          ]
        }
      }
    ]
  },

  "skin_panel": {
    "type": "panel",
    "anchor_to": "center",
    "anchor_from": "center",
    "size": [ "60%", "60%" ],
    "offset": [ "default", "22px" ],
    "controls": [
      { "viewer_panel@start.skin_viewer_panel": {} }
    ]
  },
  
  //---------------------------------------------------------------------------
  // Main Buttons Panel
  //---------------------------------------------------------------------------

  "gamepad_helpers": {
    "type": "stack_panel",
    "orientation": "horizontal",
    "size": [ "100%c", 26 ],
    "controls": [
      { "gamepad_helper_a@common.gamepad_helper_a": {} },
      {
        "gamepad_helper_b_and_padding": {
          "ignored": "(not $can_quit)",
          "type": "panel",
          "size": [ "100%c + 10px", "100%c" ],
          "controls": [
            {
              "gamepad_helper_b@common.gamepad_helper_b": {
                "offset": [ 10, 0 ],
                "anchor_to": "left_middle",
                "anchor_from": "left_middle"
              }
            }
          ]
        }
      },
      {
        "gamepad_helper_y_and_padding": {
          "type": "panel",
          "size": [ "100%c + 10px", "100%c" ],
          "controls": [
            {
              "gamepad_helper_y@common.gamepad_helper_y": {
                "offset": [ 10, 0 ],
                "anchor_to": "left_middle",
                "anchor_from": "left_middle"
              }
            }
          ],
          "bindings": [
            {
              "binding_name": "#y_helper_visible",
              "binding_name_override": "#visible"
            }
          ]
        }
      },
      {
        "gamepad_helper_x_and_padding": {
          "type": "panel",
          "size": [ "100%c + 10px", "100%c" ],
          "controls": [
            {
              "gamepad_helper_x@common.gamepad_helper_x": {
                "offset": [ 10, 0 ],
                "anchor_to": "left_middle",
                "anchor_from": "left_middle"
              }
            }
          ],
          "bindings": [
            {
              "binding_name": "#x_helper_visible",
              "binding_name_override": "#visible"
            }
          ]
        }
      }
    ]
  },

  //---------------------------------------------------------------------------
  // Realms Invite Panel
  //---------------------------------------------------------------------------

  "invite_notification_icon": {
    "type": "image",
    "texture": "$invite_texture",
    "size": [ 16, 16 ]
  },

  "realms_pending_invite_panel": {
    "type": "panel",
    "layer": 1,
    "size": [ 24, 24 ],
    "controls": [
      {
        "button@common.button": {
          "$pressed_button_name": "button.menu_invite_notification",
          "size": [ 20, 20 ],
          "offset": [ 2, 2 ],
          "controls": [
            {
              "default@start.invite_notification_icon": { "$invite_texture": "textures/ui/invite_base" }
            },
            {
              "hover@start.invite_notification_icon": { "$invite_texture": "textures/ui/invite_hover" }
            },
            {
              "pressed@start.invite_notification_icon": { "$invite_texture": "textures/ui/invite_pressed" }
            }
          ]
        }
      }
    ],
    "bindings": [
      {
        "binding_name": "#realms_notification_visible",
        "binding_name_override": "#visible"
      }
    ]
  },

  //---------------------------------------------------------------------------
  // Screens
  //---------------------------------------------------------------------------

  "start_screen@common.base_screen": {

    "button_mappings": [
      {
        "ignored": "(not $can_quit)",
        "from_button_id": "button.menu_cancel",
        "to_button_id": "button.menu_exit",
        "mapping_type": "global"
      },
      {
        "ignored": "(not $nx_os)",
        "from_button_id": "button.controller_select",
        "to_button_id": "button.menu_offline",
        "mapping_type": "global"
      }
    ],
    "$screen_content": "start.start_screen_content"
  },

  "start_screen_content": {
    "type": "panel",
    "$achievements_ignored|default": false,
    "$feedback_ignored|default": false,
    "$store_ignored|default": false,
    "variables": [
      {
        "requires": "$education_edition",
        "$achievements_ignored": true,
        "$store_ignored|default": true
      },
      {
        "requires": "$gear_vr",
        "$feedback_ignored": true
      },
      {
        "requires": "$apple_tv",
        "$feedback_ignored": true
      },
      {
        "requires": "$fire_tv",
        "$feedback_ignored": true
      },
      {
        "requires": "$nx_os",
        "$feedback_ignored": true
      }
    ],
    "controls": [
      {
        "panel@play.panely": { "layer": 1 }
      },
      {
        "background@ff_background": { "layer": 1 }
      },
      {
        "skin_panel@start.skin_panel": { "layer": 1 }
      },
      {
        "start_game@start.start_button": { "layer": 1 }
      },
      {
        "one_panel@start.one_panel": { "layer": 2 }
      },
      {
        "ff_panel@start.ff_buttons_panel": { "layer": 1 }
      },
      {
        "ff_profile@start.ff_profile_panel": { "layer": 2 }
      },
      {
        "ff_achievement@start.ff_achievement_button": { "layer": 2 }
      },
      {
        "realms_pending_invite_panel@start.realms_pending_invite_panel": {
          "anchor_from": "top_left",
          "anchor_to": "top_left"
        }
      }
    ]
  }
}