{"format_version":"1.10.0","minecraft:attachable":{"description":{"identifier":"boboiboy:bbb_glacier.player","item":{"bg:bbb_glacier":"query.owner_identifier \u003d\u003d \u0027minecraft:player\u0027"},"materials":{"default":"armor","enchanted":"armor_enchanted"},"textures":{"default":"textures/mode/bbb_glacier","enchanted":"textures/misc/enchanted_item_glint"},"geometry":{"default":"geometry.bbb_glacier"},"scripts":{"parent_setup":"variable.helmet_layer_visible \u003d 0.0;"},"render_controllers":["controller.render.armor"]}}}