{
  "format_version": "1.8.0",
  "minecraft:client_entity": {
    "description": {
      "identifier": "bg:gerakan_kilat",
      "materials": {
	    "default": "glow",
	    "invisible": "glow_glass_blender"
	  },
      "textures": {
        "default": "textures/entity/gerakan_kilat"
      },
      "geometry": {
        "default": "geometry.gerakan_kilat"
      },
      "animations": {
        "look_at_target_default": "animation.humanoid.look_at_target.default",
        "move": "animation.base.move"
      },
      "animation_controllers": [
        { "look_at_target": "controller.animation.humanoid.look_at_target" },
        { "move": "controller.animation.mover.move" }
      ],
       "spawn_egg": {
        "texture": "gerakan_kilat",
        "texture_index": 0
      },
      "render_controllers": [ "controller.render.glow" ]
    }
  }
}