{"minecraft:entity":{"version":0.1,"component_groups":{"minecraft:identifier":{"minecraft:identifier":{"fuseLength":0,"fuseLit":true,"power":1}}},"components":{"minecraft:identifier":{"id":"minecraft:arrow"},"minecraft:collision_box":{"width":0.15,"height":0.15},"minecraft:projectile":{"onHit":{"impact_damage":{"damage":20,"knockback":true},"definition_event":{"affectProjectile":false,"eventTrigger":{"event":"minecraft:explode","target":"self"}}},"power":50,"gravity":0.001,"uncertaintyBase":0.1,"uncertaintyMultiplier":0.1,"anchor":1,"offset":[0,1,0]}},"events":{"minecraft:identifier":{"add":{"component_groups":["minecraft:identifier"]}}}}}