{
  "format_version": "1.8.0",
  "minecraft:entity": {
    "description": {
      "identifier": "goodlord:chair_2seater",
      "is_spawnable": true,
      "is_summonable": true,
      "is_experimental": false
    },
    "components": {
      "minecraft:type_family": {
        "family": [
          "ravager"
        ]
      },
      "minecraft:collision_box": {
        "width": 4,
        "height": 2
      },
      "minecraft:loot": {
        "table": "loot_tables/entities/chair_2seater.json"
      },
      "minecraft:leashable": {
        "soft_distance": 4.0,
        "hard_distance": 6.0,
        "max_distance": 10.0
      },
      "minecraft:is_stackable": {},
      "minecraft:knockback_resistance": {
        "value": 2.0
      },
      "minecraft:pushable": {
        "is_pushable": false,
        "is_pushable_by_piston": true
      },
      "minecraft:physics": {}
    },
    "component_groups": {
      "goodlord:chair0": {
        "minecraft:scale": {
          "value": 1.0
        },
        "minecraft:variant": {
          "value": 0
        }
      }
    },
    "events": {
      "minecraft:entity_spawned": {
        "randomize": [
          {
            "weight": 5,
            "add": {
              "component_groups": [
                "goodlord:chair0"
              ]
            }
          },
          {
            "weight": 5,
            "add": {
              "component_groups": [
                "goodlord:chair1"
              ]
            }
          },
          {
            "weight": 5,
            "add": {
              "component_groups": [
                "goodlord:chair2"
              ]
            }
          },
          {
            "weight": 5,
            "add": {
              "component_groups": [
                "goodlord:chair3"
              ]
            }
          },
          {
            "weight": 5,
            "add": {
              "component_groups": [
                "goodlord:chair4"
              ]
            }
          },
          {
            "weight": 5,
            "add": {
              "component_groups": [
                "goodlord:chair5"
              ]
            }
          },
          {
            "weight": 5,
            "add": {
              "component_groups": [
                "goodlord:chair6"
              ]
            }
          }
        ]
      }
    }
  }
}