{"minecraft:entity":{"format_version":"1.1.0","component_groups":{"7":{"minecraft:type_family":{"family":[""]},"minecraft:projectile":{"onHit":{"spawn_chance":{"firstSpawnChance":1,"firstSpawnCount":3,"spawnMob":"chicken","spawnDefinition":"minecraft:chicken"},"definition_event":{"affectProjectile":true,"eventTrigger":{"event":"7","target":"self"}}},"hitSound":"fizz","power":2,"gravity":0.1,"angleoffset":-5.0}},"爆炸7":{"minecraft:explode":{"fuseLength":0,"fuseLit":true,"power":1,"breaks_blocks":false,"fireAffectedByGriefing":true,"destroyAffectedByGriefing":true}},"23":{"minecraft:projectile":{"onHit":{"definition_event":{"affectProjectile":true,"eventTrigger":{"event":"minecraft:explode","target":"self"}}},"hitSound":"fizz","power":1.5,"gravity":0.05,"angleoffset":-5.0}},"minecraft:exploding":{"minecraft:explode":{"fuseLength":0,"fuseLit":true,"power":4,"causesFire":false,"fireAffectedByGriefing":true,"destroyAffectedByGriefing":true}}},"components":{"minecraft:identifier":{"id":"minecraft:lingering_potion"},"minecraft:collision_box":{"width":0.15,"height":0.15},"minecraft:projectile":{"onHit":{"impact_damage":{"catchFire":false},"catch_fire":{"fireAffectedByGriefing":true}},"power":500,"gravity":0.2,"uncertaintyBase":16,"uncertaintyMultiplier":4,"offset":[0,0,0]}},"events":{"minecraft:explode":{"add":{"component_groups":["minecraft:exploding"]}},"7":{"add":{"component_groups":["爆炸7"]}},"minecraft:entity_spawned":{"sequence":[{"filters":{"other_with_item":"lingering_potion:7"},"add":{"component_groups":["7"]}},{"filters":{"other_with_item":"lingering_potion:8"},"add":{"component_groups":["7"]}},{"filters":{"other_with_item":"lingering_potion:23"},"add":{"component_groups":["23"]}},{"filters":{"other_with_item":"lingering_potion:24"},"add":{"component_groups":["23"]}}]}}}}