{"resource_pack_name":"AWcraft[Resource]","texture_name":"atlas.items","texture_data":{"bearimau":{"textures":"textures/items/mode/bearimau"},"komodo":{"textures":"textures/items/mode/komodo"},"katakululu":{"textures":"textures/items/mode/katakululu"},"bbb_halilintar":{"textures":"textures/items/mode/bbb_halilintar"},"bbb_taufan":{"textures":"textures/items/mode/bbb_taufan"},"bbb_gempa":{"textures":"textures/items/mode/bbb_gempa"},"separa_beruang":{"textures":"textures/items/mode/separa_beruang"},"zoo_bayang":{"textures":"textures/items/mode/zoo_bayang"},"gerakan_kilat":{"textures":"textures/items/elemental/gerakan_kilat"},"bbb_blaze":{"textures":"textures/items/mode/bbb_blaze"},"pa:pedang_tenaga":{"textures":"textures/items/senjata/pa:pedang_tenaga"},"pa:tombak_halilintar":{"textures":"textures/items/senjata/pa:tombak_halilintar"},"pa:daun_keladi":{"textures":"textures/items/senjata/pa:daun_keladi"},"pa:pukulan_ombak":{"textures":"textures/items/senjata/pa:pukulan_ombak"},"pa:cakram_api":{"textures":"textures/items/senjata/pa:cakram_api"},"pa:pedang_petir":{"textures":"textures/items/senjata/pa:pedang_petir"},"pa:tumbukan_berapi":{"textures":"textures/items/senjata/pa:tumbukan_berapi"},"pa:tumbukan_angin":{"textures":"textures/items/senjata/pa:tumbukan_angin"},"pusaran_angin":{"textures":"textures/items/elemental/pusaran_angin"},"jari_bayang":{"textures":"textures/items/elemental/jari_bayang"},"angin_rider":{"textures":"textures/items/elemental/angin_rider"},"ombak_luncur":{"textures":"textures/items/elemental/ombak_luncur"},"telor":{"textures":"textures/items/telor"},"cocoa":{"textures":"textures/items/cocoa"},"bbb_ice":{"textures":"textures/items/mode/bbb_ice"},"pa:tembakan_solar":{"textures":"textures/items/senjata/pa:tembakan_solar"},"pa:cincin_berapi":{"textures":"textures/items/senjata/pa:cincin_berapi"},"bola_kegelapan":{"textures":"textures/items/elemental/bola_kegelapan"},"cakra_udara":{"textures":"textures/items/elemental/cakra_udara"},"bbb_duri":{"textures":"textures/items/mode/bbb_duri"},"bbb_solar":{"textures":"textures/items/mode/bbb_solar"},"tanah_pelindung":{"textures":"textures/items/elemental/tanah_pelindung"},"bbb_dark":{"textures":"textures/items/mode/bbb_dark"},"surfboard_taufan":{"textures":"textures/items/elemental/surfboard_taufan"},"daun_pelindung_mengkuap":{"textures":"textures/items/elemental/daun_pelindung_mengkuap"},"bbb_frostfire":{"textures":"textures/items/mode/bbb_frostfire"},"bbb_glacier":{"textures":"textures/items/mode/bbb_glacier"},"bbb_supra":{"textures":"textures/items/mode/bbb_supra"},"bola_angin":{"textures":"textures/items/elemental/bola_angin"},"bola_api":{"textures":"textures/items/elemental/bola_api"},"tembakan_super_supra":{"textures":"textures/items/elemental/tembakan_super_supra"}}}