{"format_version":"1.12.0","minecraft:entity":{"description":{"identifier":"bg:cincin_berapi","is_spawnable":true,"is_summonable":true,"is_experimental":false,"runtime_identifier":"minecraft:egg"},"components":{"minecraft:type_family":{"family":["ball"]},"minecraft:collision_box":{"width":0.75,"height":0.75},"minecraft:scale":{"value":2},"minecraft:health":{"value":1},"minecraft:explode":{"fuseLength":2,"fuseLit":true,"power":2,"causesFire":true,"fire_affected_by_griefing":true,"destroy_affected_by_griefing":true},"minecraft:projectile":{"onHit":{"impact_damage":{"damage":10,"knockback":true}},"power":1.3,"gravity":0.00,"uncertaintyBase":7.5,"uncertaintyMultiplier":1,"anchor":1,"offset":[0,-0.1,0],"inertia":1.0,"liquid_inertia":1.0,"shoottarget":false},"minecraft:physics":{}}}}