{
  "format_version": "1.8.0",
  "minecraft:entity": {
    "description": {
      "identifier": "command:commander_boss_inactive",
      "is_spawnable": false,
      "is_summonable": false,
      "is_experimental": false
    },
    
    "component_groups": {
      "commander_exploding": {
       "minecraft:variant": {
        "value": 1
       },
       "minecraft:explode": {
        "fuseLength": 20,
        "fuseLit": true,
        "power": 10,
        "causesFire": true,
        "breaks_blocks": true,
        "destroyAffectedByGriefing": true
          }
        },
        
      "commander:dead_state": {
        "minecraft:interact": [
       {
       	"spawn_items":{ "table": "loot_tables/entities/commander_boss_items.json" },
        "on_interact": 
        {
          
          "event": "minecraft:explode_now",
          "target": "self"
        },
        
        "play_sounds": "unfect",
        "interact_text": "Take The Command Block (Explosion Will Begin!)"
        }
      ],
       "minecraft:movement": {
        "value": 0.0
      },  
       "minecraft:movement.basic": {
      },
      "minecraft:navigation.walk": {
        "is_amphibious": true,
        "can_pass_doors": true,
        "can_walk": true,
        "can_break_doors": true
      }, "minecraft:behavior.move_towards_restriction": {
        "priority": 5,
        "speed_multiplier": 0
      },
      "minecraft:behavior.random_stroll": {
        "priority": 6,
        "speed_multiplier": 0
      },
      "minecraft:behavior.look_at_player": {
        "priority": 7,
        "look_distance": 0,
        "probability": 0.0
      }
    }
  },

    "components": {
      "minecraft:breathable": {
        "totalSupply": 15,
        "suffocateTime": 0
      },
      "minecraft:fire_immune": true,
      "minecraft:nameable": {
      },
      "minecraft:health": {
        "value": 30,
        "max": 30
      },
      "minecraft:scale": {
        "value": 1.5
      },
      "minecraft:collision_box": {
        "width": 1.75,
        "height": 2.125
      },
      "minecraft:navigation.float": {
        "can_path_over_water": true
      },
      "minecraft:loot": {
        "table": "loot_tables/entities/empty.json"
      },
      "minecraft:type_family": {
        "family": [ "ghast", "monster", "command" ]
      },
      "minecraft:damage_sensor": [
      {
       "deals_damage": false
       }
      ],
      "minecraft:fall_damage": {
        "value": 0.0
      },
      "minecraft:jump.static": {
      },
      "minecraft:behavior.float": {
        "priority": 0
      },
      "minecraft:behavior.hurt_by_target": {
        "priority": 1
      },
      "minecraft:physics": {
      }
    },
    
    "events": {
      "minecraft:entity_transformed": {
        "remove": {},
        "add": {
          "component_groups": [
            "commander:dead_state"
            ]
          }
        },
        
        "minecraft:explode_now": {
          "remove": {
            "component_groups": [
              "commander:dead_state"
             ]
           },
          "add": {
            "component_groups": [
              "commander_exploding"
             ]
           }
         }
       }
     }
   }
        