{"format_version":"1.8.0","minecraft:entity":{"description":{"identifier":"bg:golem_tanah","is_spawnable":true,"is_summonable":true,"is_experimental":false},"component_groups":{"minecraft:golem_liar":{},"minecraft:golem_jinak":{"minecraft:is_tamed":{},"minecraft:health":{"value":500,"max":500},"minecraft:behavior.follow_owner":{"priority":6,"speed_multiplier":1.0,"start_distance":10,"stop_distance":2},"minecraft:attack":{"damage":25},"minecraft:behavior.owner_hurt_by_target":{"priority":1},"minecraft:behavior.owner_hurt_target":{"priority":2},"minecraft:type_family":{"family":["elemental"]},"minecraft:scale":{"value":4},"minecraft:rideable":{"priority":0,"seat_count":1,"crouching_skip_interact":true,"family_types":["player"],"interact_text":"munggah","seats":{"position":[0.4,2.1,0.3]}},"minecraft:input_ground_controlled":{}}},"components":{"minecraft:breathable":{"totalSupply":15,"suffocateTime":0,"breathesWater":true},"minecraft:collision_box":{"width":0.6,"height":1.8},"minecraft:nameable":{},"minecraft:tameable":{"probability":0.33,"tameItems":"pa:cocoa","tame_event":{"event":"minecraft:on_tame","target":"self"}},"minecraft:navigation.walk":{"is_amphibious":true,"can_pass_doors":true,"can_open_doors":true,"avoid_water":true,"avoid_portals":true},"minecraft:movement.basic":{},"minecraft:jump.static":{},"minecraft:can_climb":{},"minecraft:fire_immune":true,"minecraft:burns_in_daylight":false,"minecraft:type_family":{"family":["elemental"]},"minecraft:loot":{},"minecraft:health":{"value":20,"max":20},"minecraft:movement":{"value":0.23},"minecraft:attack":{"damage":5},"minecraft:knockback_resistance":{"value":1},"minecraft:behavior.break_door":{"priority":1},"minecraft:behavior.mount_pathing":{"priority":2,"speed_multiplier":1.25,"target_dist":0,"track_target":true},"minecraft:behavior.melee_attack":{"priority":3,"speed_multiplier":1.5,"track_target":false},"minecraft:behavior.stomp_turtle_egg":{"priority":4,"speed_multiplier":1,"search_range":24,"search_height":3,"goal_radius":1.14,"search_count":4,"interval":20},"minecraft:behavior.move_towards_restriction":{"priority":5},"minecraft:behavior.random_stroll":{"priority":7,"speed_multiplier":1.0},"minecraft:behavior.look_at_player":{"priority":8,"look_distance":6.0,"probability":0.02},"minecraft:behavior.random_look_around":{"priority":9},"minecraft:behavior.hurt_by_target":{"priority":1},"minecraft:physics":{}},"events":{"minecraft:entity_spawned":{"randomize":[{"weight":95,"remove":{},"add":{"component_groups":["minecraft:golem_liar"]}}]},"minecraft:on_tame":{"remove":{"component_groups":["minecraft:golem_liar"]},"add":{"component_groups":["minecraft:golem_jinak"]}}}}}