{"format_version":"1.13.0","minecraft:entity":{"description":{"identifier":"mobs:kaizo","is_spawnable":true,"is_summonable":true,"is_experimental":false},"component_groups":{"minecraft:lightning_immune":{"minecraft:damage_sensor":{"triggers":{"on_damage":{"filters":{"other_with_families":"lightning"}},"deals_damage":false}}},"minecraft:ranged_attack":{"minecraft:behavior.ranged_attack":{"attack_interval_min":0.1,"attack_interval_max":3,"attack_radius":15},"minecraft:shooter":{"type":"Arrow1","def":"minecraft:arrow"},"minecraft:environment_sensor":{"triggers":{"filters":{"test":"is_underwater","subject":"self","operator":"\u003d\u003d","value":true},"event":"minecraft:melee_mode"}}},"minecraft:melee_attack":{"minecraft:behavior.melee_attack":{"priority":4,"target_dist":1.2,"speed_multiplier":1.25,"track_target":true},"minecraft:attack":{"damage":9},"minecraft:environment_sensor":{"triggers":{"filters":{"test":"in_water","subject":"self","operator":"\u003d\u003d","value":false},"event":"minecraft:ranged_mode"}}}},"components":{"minecraft:experience_reward":{"on_death":"query.last_hit_by_player ? 5 + (query.equipment_count * Math.Random(1,3)) : 0"},"minecraft:collision_box":{"width":0.6,"height":1.9},"minecraft:type_family":{"family":["player"]},"minecraft:breathable":{"total_supply":15,"suffocate_time":0,"breathes_water":true},"minecraft:scale":{"value":1.0},"minecraft:health":{"value":300,"max":300},"minecraft:hurt_on_condition":{"damage_conditions":[{"filters":{"test":"in_lava","subject":"self","operator":"\u003d\u003d","value":true},"cause":"lava","damage_per_tick":4}]},"minecraft:equipment":{"table":"loot_tables/entities/kaizo.json"},"minecraft:movement":{"value":0.25},"minecraft:navigation.walk":{"is_amphibious":true,"avoid_sun":true,"avoid_water":true},"minecraft:movement.basic":{},"minecraft:jump.static":{},"minecraft:can_climb":{},"minecraft:nameable":{},"minecraft:environment_sensor":{"triggers":{"filters":{"test":"is_underwater","subject":"self","operator":"\u003d\u003d","value":true},"event":"minecraft:melee_mode"}},"minecraft:behavior.hurt_by_target":{"priority":1},"minecraft:behavior.nearest_attackable_target":{"priority":2,"reselect_targets":true,"entity_types":[{"filters":{"all_of":[{"test":"is_family","subject":"other","value":"monster"},{"test":"in_water","subject":"other","operator":"!\u003d","value":true}]},"max_dist":16}],"must_see":true},"minecraft:behavior.random_stroll":{"priority":5,"speed_multiplier":1},"minecraft:behavior.look_at_player":{"priority":6,"look_distance":8},"minecraft:behavior.random_look_around":{"priority":6},"minecraft:physics":{},"minecraft:pushable":{"is_pushable":true,"is_pushable_by_piston":true}},"events":{"minecraft:entity_spawned":{"add":{"component_groups":["minecraft:ranged_attack"]}},"minecraft:spring_trap":{"add":{"component_groups":["minecraft:lightning_immune"]}},"minecraft:melee_mode":{"remove":{"component_groups":["minecraft:ranged_attack"]},"add":{"component_groups":["minecraft:melee_attack"]}},"minecraft:ranged_mode":{"remove":{"component_groups":["minecraft:melee_attack"]},"add":{"component_groups":["minecraft:ranged_attack"]}}}}}