{"format_version":"1.10.0","minecraft:entity":{"description":{"identifier":"bg:mega_probe","is_spawnable":true,"is_summonable":true,"is_experimental":false},"component_groups":{"minecraft:look_to_start_drowned_transformation":{"minecraft:environment_sensor":{"filters":{"test":"is_underwater","subject":"self","operator":"\u003d\u003d","value":true},"event":"minecraft:start_transforming"}},"minecraft:start_drowned_transformation":{"minecraft:environment_sensor":{"filters":{"test":"is_underwater","subject":"self","operator":"\u003d\u003d","value":false},"event":"minecraft:stop_transforming"},"minecraft:timer":{"looping":false,"time":30,"time_down_event":{"event":"minecraft:convert_to_drowned"}}},"minecraft:convert_to_drowned":{"minecraft:transformation":{"into":"minecraft:drowned\u003cminecraft:as_adult\u003e","transformation_sound":"convert_to_drowned","drop_equipment":true,"delay":{"value":15}},"minecraft:is_shaking":{}},"minecraft:convert_to_baby_drowned":{"minecraft:transformation":{"into":"minecraft:drowned\u003cminecraft:as_baby\u003e","transformation_sound":"convert_to_drowned","drop_equipment":true,"delay":{"value":15}},"minecraft:is_shaking":{}},"minecraft:zombie_jockey":{"minecraft:behavior.find_mount":{"priority":1,"within_radius":16}}},"components":{"minecraft:nameable":{},"minecraft:type_family":{"family":["monster"]},"minecraft:collision_box":{"width":0.6,"height":1.8},"minecraft:movement.basic":{},"minecraft:navigation.walk":{"is_amphibious":true,"can_pass_doors":true,"can_walk":true,"can_break_doors":true},"minecraft:annotation.break_door":{},"minecraft:jump.static":{},"minecraft:can_climb":{},"minecraft:health":{"value":60,"max":60},"minecraft:breathable":{"totalSupply":15,"suffocateTime":0,"breathesAir":true,"breathesWater":true},"minecraft:loot":{"table":"loot_tables/entities/bg:probe.json"},"minecraft:environment_sensor":{"filters":{"test":"is_underwater","operator":"\u003d\u003d","value":true},"event":"minecraft:start_transforming"},"minecraft:behavior.stomp_turtle_egg":{"priority":4,"speed_multiplier":1,"search_range":10,"search_height":3,"goal_radius":1.14,"search_count":4,"interval":20},"minecraft:behavior.move_towards_restriction":{"priority":5,"speed_multiplier":1},"minecraft:behavior.random_stroll":{"priority":6,"speed_multiplier":1},"minecraft:behavior.look_at_player":{"priority":7,"look_distance":6,"probability":0.02},"minecraft:behavior.random_look_around":{"priority":7},"minecraft:behavior.hurt_by_target":{"priority":1},"minecraft:behavior.nearest_attackable_target":{"priority":2,"within_radius":25,"reselect_targets":true,"entity_types":[{"filters":{"any_of":[{"test":"is_family","subject":"other","value":"player"},{"test":"is_family","subject":"other","value":"snowgolem"},{"test":"is_family","subject":"other","value":"irongolem"}],"other_with_families":["player"]},"max_dist":35},{"filters":{"any_of":[{"test":"is_family","subject":"other","value":"villager"},{"test":"is_family","subject":"other","value":"wandering_trader"}]},"max_dist":35,"must_see":false},{"filters":{"all_of":[{"test":"is_family","subject":"other","value":"baby_turtle"},{"test":"in_water","subject":"other","operator":"!\u003d","value":true}]},"max_dist":35}],"must_see":true,"must_see_forget_duration":17.0},"minecraft:physics":{},"minecraft:movement":{"value":0.2,"max":0.2},"minecraft:scale":{"value":2.0},"minecraft:behavior.ranged_attack":{"attack_interval_min":1,"attack_interval_max":3,"attack_radius":15,"burst_shots":1,"burst_interval":0.5},"minecraft:shooter":{"type":"Small Fireball","def":"minecraft:small_fireball"}},"events":{"minecraft:entity_spawned":{"randomize":[{"weight":380,"remove":{},"add":{"component_groups":["minecraft:zombie_adult","minecraft:can_have_equipment"]}},{"weight":17,"remove":{},"add":{"component_groups":["minecraft:zombie_baby","minecraft:can_have_equipment"]}},{"weight":3,"remove":{},"add":{"component_groups":["minecraft:zombie_baby","minecraft:zombie_jockey","minecraft:can_have_equipment"]}}]},"minecraft:start_transforming":{"add":{"component_groups":["minecraft:start_drowned_transformation"]},"remove":{"component_groups":["minecraft:look_to_start_drowned_transformation"]}},"minecraft:stop_transforming":{"add":{"component_groups":["minecraft:look_to_start_drowned_transformation"]},"remove":{"component_groups":["minecraft:start_drowned_transformation"]}},"minecraft:convert_to_drowned":{"sequence":[{"filters":{"test":"has_component","operator":"!\u003d","value":"minecraft:is_baby"},"add":{"component_groups":["minecraft:convert_to_drowned"]},"remove":{"component_groups":["minecraft:start_drowned_transformation"]}},{"filters":{"test":"has_component","value":"minecraft:is_baby"},"add":{"component_groups":["minecraft:convert_to_baby_drowned"]},"remove":{"component_groups":["minecraft:start_drowned_transformation"]}}]}}}}