{"format_version":"1.12.0","minecraft:entity":{"description":{"identifier":"bg:tembakan_makanan","is_spawnable":true,"is_summonable":true,"is_experimental":false,"runtime_identifier":"minecraft:snowball"},"components":{"minecraft:type_family":{"family":["ball"]},"minecraft:collision_box":{"width":0.5,"height":0.5},"minecraft:scale":{"value":1},"minecraft:health":{"value":1},"minecraft:projectile":{"onHit":{"impact_damage":{"damage":10,"knockback":true}},"power":2.0,"gravity":0.00,"uncertaintyBase":7.5,"uncertaintyMultiplier":1,"anchor":1,"offset":[0,-0.1,0],"inertia":1.0,"liquid_inertia":1.0,"shoottarget":false},"minecraft:physics":{}}}}