{"format_version":"1.12.0","minecraft:geometry":[{"description":{"identifier":"geometry.bbb_glacier","texture_width":512,"texture_height":512,"visible_bounds_width":3,"visible_bounds_height":3,"visible_bounds_offset":[0,0,0]},"bones":[{"name":"bone","pivot":[0,0,0]},{"name":"head","parent":"bone","pivot":[0,24,0],"cubes":[{"origin":[-5,29,-5],"size":[10,4,10],"uv":[0,0]},{"origin":[-1,33,-1],"size":[2,1,2],"uv":[165,0]},{"origin":[-1,33,2],"size":[2,1,2],"uv":[165,0]},{"origin":[-1,33,-4],"size":[2,1,2],"uv":[165,0]},{"origin":[-5,29,-8],"size":[10,1,3],"uv":[0,0]}]},{"name":"body","parent":"bone","pivot":[0,24,0],"cubes":[{"origin":[-5,12,-3],"size":[10,12,6],"uv":[41,0]}]},{"name":"rightArm","parent":"bone","pivot":[-5,22,0],"cubes":[{"origin":[-10,18,-3],"size":[5,6,6],"uv":[80,0]},{"origin":[-8,4,-4],"size":[3,4,2],"uv":[146,0]},{"origin":[-12,2,-4],"size":[2,6,2],"uv":[145,7]},{"origin":[-12,2,2],"size":[2,6,2],"uv":[145,7]},{"origin":[-12,2,-1],"size":[2,6,2],"uv":[145,7]},{"origin":[-12,8,-4],"size":[7,8,8],"uv":[111,0]}]},{"name":"leftArm","parent":"bone","pivot":[5,22,0],"cubes":[{"origin":[5,18,-3],"size":[5,6,6],"uv":[80,0],"mirror":true},{"origin":[5,4,-4],"size":[3,4,2],"uv":[146,0],"mirror":true},{"origin":[10,2,-4],"size":[2,6,2],"uv":[145,7],"mirror":true},{"origin":[10,2,2],"size":[2,6,2],"uv":[145,7],"mirror":true},{"origin":[10,2,-1],"size":[2,6,2],"uv":[145,7],"mirror":true},{"origin":[5,8,-4],"size":[7,8,8],"uv":[111,0],"mirror":true}]},{"name":"rightLeg","parent":"bone","pivot":[-2,12,0],"cubes":[{"origin":[-5,3,-3],"size":[6,9,6],"uv":[0,18]}]},{"name":"leftLeg","parent":"bone","pivot":[2,12,0],"cubes":[{"origin":[-1,3,-3],"size":[6,9,6],"uv":[62,28],"mirror":true}]}]}]}