{
	"format_version": "1.12.0",
	"minecraft:geometry": [
		{
			"description": {
				"identifier": "geometry.bearimau",
				"texture_width": 128,
				"texture_height": 128,
				"visible_bounds_width": 3,
				"visible_bounds_height": 3,
				"visible_bounds_offset": [0, 1.5, 0]
			},
			"bones": [
				{
					"name": "bone",
					"pivot": [0, 16, 0]
				},
				{
					"name": "body",
					"parent": "bone",
					"pivot": [0, 39, 0],
					"cubes": [
						{"origin": [-8, 16, -4], "size": [16, 24, 8], "uv": [0, 0]},
						{"origin": [-8, 16, -6], "size": [16, 12, 8], "uv": [0, 12]},
						{"origin": [-9, 35, -5], "size": [18, 5, 10], "uv": [61, 0]},
						{"origin": [-8, 34, -5], "size": [16, 5, 10], "uv": [61, 0]},
						{"origin": [-5, 33, -5], "size": [10, 5, 10], "uv": [61, 0]}
					]
				},
				{
					"name": "head",
					"parent": "bone",
					"pivot": [0, 40, 0],
					"cubes": [
						{"origin": [-5, 40, -5], "size": [10, 10, 10], "uv": [0, 32]},
						{"origin": [3, 50, 0], "size": [2, 2, 1], "uv": [22, 34]},
						{"origin": [-1, 45, -6], "size": [2, 2, 1], "uv": [120, 20]},
						{"origin": [-2, 45, -6], "size": [4, 1, 1], "uv": [120, 20]},
						{"origin": [-5, 50, 0], "size": [2, 2, 1], "uv": [22, 34]}
					]
				},
				{
					"name": "rightArm",
					"parent": "bone",
					"pivot": [-7, 38, -1],
					"cubes": [
						{"origin": [-15, 28, -2], "size": [6, 12, 5], "uv": [0, 55]},
						{"origin": [-17, 16, -4], "size": [8, 12, 7], "uv": [23, 56]},
						{"origin": [-17, 35, -5], "size": [8, 5, 7], "uv": [23, 56]},
						{"origin": [-14, 14, -5], "size": [2, 4, 2], "uv": [55, 58]},
						{"origin": [-18, 14, 2], "size": [2, 4, 2], "uv": [55, 58]},
						{"origin": [-10, 14, 2], "size": [2, 4, 2], "uv": [55, 58]}
					]
				},
				{
					"name": "leftArm",
					"parent": "bone",
					"pivot": [7, 38, -1],
					"cubes": [
						{"origin": [9, 28, -2], "size": [6, 12, 5], "uv": [0, 55], "mirror": true},
						{"origin": [9, 16, -4], "size": [8, 12, 7], "uv": [23, 56], "mirror": true},
						{"origin": [9, 35, -5], "size": [8, 5, 7], "uv": [23, 56], "mirror": true},
						{"origin": [12, 14, -5], "size": [2, 4, 2], "uv": [55, 58], "mirror": true},
						{"origin": [16, 14, 2], "size": [2, 4, 2], "uv": [55, 58], "mirror": true},
						{"origin": [8, 14, 2], "size": [2, 4, 2], "uv": [55, 58], "mirror": true}
					]
				},
				{
					"name": "rightLeg",
					"parent": "bone",
					"pivot": [-1, 23, -1],
					"cubes": [
						{"origin": [-8, 8, -4], "size": [6, 8, 6], "uv": [100, 35]},
						{"origin": [-10, 0, -5], "size": [8, 9, 8], "uv": [96, 51]},
						{"origin": [-4, 0, -7], "size": [2, 3, 3], "uv": [66, 58]},
						{"origin": [-7, 0, -7], "size": [2, 3, 3], "uv": [66, 58]},
						{"origin": [-10, 0, -7], "size": [2, 3, 3], "uv": [66, 58]}
					]
				},
				{
					"name": "leftLeg",
					"parent": "bone",
					"pivot": [2, 23, 0],
					"cubes": [
						{"origin": [2, 8, -4], "size": [6, 8, 6], "uv": [100, 35], "mirror": true},
						{"origin": [2, 0, -5], "size": [8, 9, 8], "uv": [96, 51], "mirror": true},
						{"origin": [2, 0, -7], "size": [2, 3, 3], "uv": [66, 58], "mirror": true},
						{"origin": [5, 0, -7], "size": [2, 3, 3], "uv": [66, 58], "mirror": true},
						{"origin": [8, 0, -7], "size": [2, 3, 3], "uv": [66, 58], "mirror": true}
					]
				}
			]
		}
	]
}