{
	"format_version": "1.12.0",
	"minecraft:geometry": [
		{
			"description": {
				"identifier": "geometry.zoo_bayang",
				"texture_width": 64,
				"texture_height": 64,
				"visible_bounds_width": 8,
				"visible_bounds_height": 3,
				"visible_bounds_offset": [0, 1.5, 0]
			},
			"bones": [
				{
					"name": "head",
					"pivot": [0, 24, 0]
				},
				{
					"name": "body",
					"pivot": [0, 24, 0],
					"cubes": [
						{"origin": [-33, 7, 12], "size": [8, 8, 15], "uv": [18, 0]},
						{"origin": [-31, 13, 27], "size": [3, 2, 9], "pivot": [-30, 14, 26], "rotation": [45, 0, 0], "uv": [40, 0]},
						{"origin": [-34, 7, 4], "size": [10, 10, 8], "uv": [0, 0]},
						{"origin": [-26, 17, 7], "size": [2, 2, 2], "uv": [0, 0]},
						{"origin": [-53, 1, -21], "size": [11, 3, 4], "uv": [0, 43]},
						{"origin": [-53, 0, 0], "size": [11, 3, 3], "uv": [0, 43]},
						{"origin": [-46, 0, 2], "size": [4, 6, 3], "uv": [0, 40]},
						{"origin": [-53, 0, -12], "size": [11, 3, 3], "uv": [0, 43]},
						{"origin": [-53, 1, -12], "size": [11, 3, 3], "uv": [0, 43]},
						{"origin": [-44, 0, -20], "size": [5, 3, 10], "uv": [0, 35]},
						{"origin": [-56, 0, -30], "size": [3, 3, 10], "uv": [0, 37]},
						{"origin": [-58, 1, -32], "size": [6, 11, 3], "uv": [0, 35]},
						{"origin": [-58, 9, -38], "size": [6, 5, 7], "uv": [0, 43]},
						{"origin": [-58, 9, -42], "size": [6, 3, 7], "uv": [38, 25]},
						{"origin": [-56, 0, -9], "size": [5, 3, 10], "uv": [0, 37]},
						{"origin": [-34, 17, 7], "size": [2, 2, 2], "uv": [0, 0]},
						{"origin": [51, 0, -9], "size": [5, 3, 10], "uv": [0, 37], "mirror": true},
						{"origin": [42, 1, -21], "size": [11, 3, 4], "uv": [0, 43], "mirror": true},
						{"origin": [42, 0, 0], "size": [11, 3, 3], "uv": [0, 43], "mirror": true},
						{"origin": [42, 0, 2], "size": [4, 6, 3], "uv": [0, 40], "mirror": true},
						{"origin": [42, 0, -12], "size": [11, 3, 3], "uv": [0, 43], "mirror": true},
						{"origin": [42, 1, -12], "size": [11, 3, 3], "uv": [0, 43], "mirror": true},
						{"origin": [39, 0, -20], "size": [5, 3, 10], "uv": [0, 35], "mirror": true},
						{"origin": [53, 0, -30], "size": [3, 3, 10], "uv": [0, 37], "mirror": true},
						{"origin": [52, 1, -32], "size": [6, 11, 3], "uv": [0, 35], "mirror": true},
						{"origin": [52, 9, -38], "size": [6, 5, 7], "uv": [0, 43], "mirror": true},
						{"origin": [52, 9, -42], "size": [6, 3, 7], "uv": [38, 42], "mirror": true},
						{"origin": [25, 7, 12], "size": [8, 8, 15], "uv": [18, 0]},
						{"origin": [27, 13, 27], "size": [3, 2, 9], "pivot": [28, 14, 26], "rotation": [45, 0, 0], "uv": [40, 0]},
						{"origin": [24, 7, 4], "size": [10, 10, 8], "uv": [0, 0]},
						{"origin": [32, 17, 7], "size": [2, 2, 2], "uv": [0, 0]},
						{"origin": [24, 17, 7], "size": [2, 2, 2], "uv": [0, 0]},
						{"origin": [-1, 32, 11.5], "size": [2, 4, 2], "uv": [24, 0]},
						{"origin": [-9, 21, 15], "size": [18, 12, 11], "uv": [6, 21]},
						{"origin": [-4.5, 16, 18], "size": [9, 5, 6], "inflate": 0.5, "uv": [0, 70]},
						{"origin": [-4, 33, 13.5], "size": [8, 10, 8], "uv": [32, 46]},
						{"origin": [-27, 3, 23], "size": [3, 5, 3], "pivot": [-18, 8, 23], "rotation": [15, 0, 0], "uv": [0, 0]},
						{"origin": [-27, -0.91155, 24.32817], "size": [3, 5, 3], "pivot": [-18, 3, 24], "rotation": [-10, 0, 0], "uv": [0, 0]},
						{"origin": [31, 3, 23], "size": [3, 5, 3], "pivot": [40, 8, 23], "rotation": [15, 0, 0], "uv": [0, 0]},
						{"origin": [31, -0.91155, 24.32817], "size": [3, 5, 3], "pivot": [40, 3, 24], "rotation": [-10, 0, 0], "uv": [0, 0]},
						{"origin": [1.5, 0, 18], "size": [6, 16, 5], "uv": [60, 0], "mirror": true},
						{"origin": [9, 3.5, 18], "size": [4, 30, 6], "uv": [60, 58]},
						{"origin": [-27, -0.91155, 13.32817], "size": [3, 5, 3], "pivot": [-25, 3, 13], "rotation": [-10, 0, 0], "uv": [0, 0]},
						{"origin": [31, 3, 12], "size": [3, 5, 3], "pivot": [33, 8, 12], "rotation": [15, 0, 0], "uv": [0, 0]},
						{"origin": [31, -0.91155, 13.32817], "size": [3, 5, 3], "pivot": [33, 3, 13], "rotation": [-10, 0, 0], "uv": [0, 0]},
						{"origin": [-27, 3, 12], "size": [3, 5, 3], "pivot": [-25, 8, 12], "rotation": [15, 0, 0], "uv": [0, 0]},
						{"origin": [-34, 3, 23], "size": [3, 5, 3], "pivot": [-25, 8, 23], "rotation": [15, 0, 0], "uv": [0, 0]},
						{"origin": [-34, -0.91155, 24.32817], "size": [3, 5, 3], "pivot": [-25, 3, 24], "rotation": [-10, 0, 0], "uv": [0, 0]},
						{"origin": [24, -0.91155, 24.32817], "size": [3, 5, 3], "pivot": [33, 3, 24], "rotation": [-10, 0, 0], "uv": [0, 0]},
						{"origin": [24, 3, 23], "size": [3, 5, 3], "pivot": [33, 8, 23], "rotation": [15, 0, 0], "uv": [0, 0]},
						{"origin": [-7.5, 0, 18], "size": [6, 16, 5], "uv": [37, 0]},
						{"origin": [-34, 3, 12], "size": [3, 5, 3], "pivot": [-25, 8, 12], "rotation": [15, 0, 0], "uv": [0, 0]},
						{"origin": [-34, -0.91155, 13.32817], "size": [3, 5, 3], "pivot": [-25, 3, 13], "rotation": [-10, 0, 0], "uv": [0, 0]},
						{"origin": [24, 3, 12], "size": [3, 5, 3], "pivot": [33, 8, 12], "rotation": [15, 0, 0], "uv": [0, 0]},
						{"origin": [24, -0.91155, 13.32817], "size": [3, 5, 3], "pivot": [33, 3, 13], "rotation": [-10, 0, 0], "uv": [0, 0]},
						{"origin": [-13, 3.5, 18], "size": [4, 30, 6], "uv": [60, 21]}
					]
				},
				{
					"name": "leftLeg",
					"pivot": [2, 12, 0]
				},
				{
					"name": "leftArm",
					"pivot": [5, 22, 0]
				},
				{
					"name": "rightLeg",
					"pivot": [-2, 12, 0]
				},
				{
					"name": "rightArm",
					"pivot": [-5, 22, 0]
				}
			]
		}
	]
}