{
	"format_version": "1.10.0",
	"geometry.mega_probe": {
		"texturewidth": 128,
		"textureheight": 128,
		"visible_bounds_width": 5,
		"visible_bounds_height": 5,
		"visible_bounds_offset": [0, 0, 0],
		"bones": [
			{
				"name": "waist",
				"pivot": [0, 12, 0]
			},
			{
				"name": "body",
				"parent": "waist",
				"pivot": [0, 24, 0]
			},
			{
				"name": "head",
				"parent": "body",
				"pivot": [0, 24, 0],
				"cubes": [
					{"origin": [-7, 60, -8], "size": [14, 9, 15], "uv": [0, 71], "inflate": 0.5},
					{"origin": [-4, 56, -4], "size": [8, 15, 8], "uv": [0, 96], "inflate": 0.5},
					{"origin": [-4, 26, -4], "size": [8, 15, 8], "uv": [0, 96], "inflate": 0.5},
					{"origin": [-10, 6, -2], "size": [5, 25, 4], "uv": [77, 70], "inflate": 0.5},
					{"origin": [5, 6, -2], "size": [5, 25, 4], "uv": [77, 70], "inflate": 0.5},
					{"origin": [-11, 41, -15], "size": [22, 13, 29], "uv": [26, 0], "inflate": 0.5},
					{"origin": [-16, 55, -15], "size": [31, 10, 29], "uv": [0, 96], "inflate": 0.5},
					{"origin": [0, 72, 0], "size": [0, 5, 0], "uv": [99, 1], "inflate": 0.5},
					{"origin": [-10, 61, -11], "size": [20, 6, 20], "uv": [0, 38], "inflate": 0.5},
					{"origin": [-12, 64, -13], "size": [24, 2, 24], "uv": [0, 0], "inflate": 0.5},
					{"origin": [-21, 27, -3], "size": [5, 33, 6], "uv": [0, 0]},
					{"origin": [16, 28, -3], "size": [5, 32, 6], "uv": [0, 0]},
					{"origin": [-22, 33, -3], "size": [1, 20, 6], "uv": [114, 53]},
					{"origin": [21, 33, -3], "size": [1, 20, 6], "uv": [114, 53]},
					{"origin": [-15, 53, 15], "size": [10, 10, 10], "uv": [30, 0]},
					{"origin": [3, 53, 15], "size": [10, 10, 10], "uv": [30, 0]},
					{"origin": [-11, 0, -7], "size": [7, 5, 11], "uv": [27, 0]},
					{"origin": [4, 0, -7], "size": [7, 5, 11], "uv": [27, 0]},
					{"origin": [-5, 57, 15], "size": [8, 1, 10], "uv": [0, 17]}
				]
			},
			{
				"name": "hat",
				"parent": "head",
				"pivot": [0, 24, 0]
			},
			{
				"name": "rightArm",
				"parent": "body",
				"pivot": [-5, 22, 0]
			},
			{
				"name": "rightItem",
				"parent": "rightArm",
				"pivot": [-6, 15, 1]
			},
			{
				"name": "leftArm",
				"parent": "body",
				"pivot": [5, 22, 0],
				"mirror": true
			},
			{
				"name": "rightLeg",
				"parent": "body",
				"pivot": [-1.9, 12, 0]
			},
			{
				"name": "leftLeg",
				"parent": "body",
				"pivot": [1.9, 12, 0],
				"mirror": true
			}
		]
	}
}