{"format_version":"1.12.0","minecraft:geometry":[{"description":{"identifier":"geometry.ochobot","texture_width":64,"texture_height":64,"visible_bounds_width":2,"visible_bounds_height":3,"visible_bounds_offset":[0,0,0]},"bones":[{"name":"root","pivot":[0,0,0]},{"name":"waist","parent":"root","pivot":[0,12,0]},{"name":"body","parent":"waist","pivot":[0,24,0]},{"name":"head","parent":"body","pivot":[0,24,0],"cubes":[{"origin":[-4,24,-4],"size":[8,8,8],"uv":[0,0]},{"origin":[-1,24,0],"size":[1,1,1],"uv":[0,0]},{"origin":[-1,24,0],"size":[1,1,1],"uv":[0,0]},{"origin":[-1,24,0],"size":[1,1,1],"uv":[0,0]}]},{"name":"hat","parent":"head","pivot":[0,24,0],"cubes":[{"origin":[-1,24,0],"size":[1,1,1],"uv":[0,0]},{"origin":[-1,24,0],"size":[1,1,1],"uv":[0,0]}]},{"name":"leftArm","parent":"body","pivot":[5,22,0],"cubes":[{"origin":[4,18,-2],"size":[2,12,3],"uv":[32,48]}]},{"name":"leftSleeve","parent":"leftArm","pivot":[5,22,0],"cubes":[{"origin":[4,22,0],"size":[1,1,1],"uv":[0,0]},{"origin":[4,22,0],"size":[1,1,1],"uv":[0,0]}]},{"name":"leftItem","parent":"leftArm","pivot":[6,15,1]},{"name":"rightArm","parent":"body","pivot":[-5,22,0],"cubes":[{"origin":[-6,18,-1],"size":[2,12,3],"uv":[40,16]}]},{"name":"rightSleeve","parent":"rightArm","pivot":[-5,22,0]},{"name":"rightItem","parent":"rightArm","pivot":[-6,15,1],"locators":{"lead_hold":[-6,15,1]}}]}]}