{"format_version":"1.10.0","geometry.retakka":{"texturewidth":128,"textureheight":128,"visible_bounds_width":4,"visible_bounds_height":3,"visible_bounds_offset":[0,0,0],"bones":[{"name":"body","pivot":[0,31,2],"cubes":[{"origin":[-9,21,-4],"size":[17,12,11],"uv":[0,0]},{"origin":[-8,22,-6],"size":[7,10,2],"uv":[0,25],"mirror":true},{"origin":[1,22,-6],"size":[7,10,2],"uv":[0,116]},{"origin":[-5.5,12,-1],"size":[10,9,6],"uv":[78,78],"inflate":0.5}]},{"name":"head","parent":"body","pivot":[0,28,0],"cubes":[{"origin":[-4,33,-5.5],"size":[8,7,8],"uv":[20,24]},{"origin":[-5,40,-5.5],"size":[10,4,7],"uv":[94,117]},{"origin":[-1,44,-5.5],"size":[2,3,5],"uv":[102,120]},{"origin":[-6,36,-5.5],"size":[2,3,5],"uv":[114,120]},{"origin":[4,36,-5.5],"size":[2,3,5],"uv":[114,120]}],"locators":{"lead":[0,28,0]}},{"name":"arm0","parent":"body","pivot":[0,31,2],"cubes":[{"origin":[-17,10.5,-2],"size":[2,5,2],"uv":[94,26]},{"origin":[-17,10.5,1],"size":[2,5,2],"uv":[94,26]},{"origin":[-17,10.5,4],"size":[2,5,2],"uv":[94,26]},{"origin":[-12,10.5,-2],"size":[3,5,3],"uv":[94,13]},{"origin":[-16,26.5,-2],"size":[8,11,8],"uv":[60,0]},{"origin":[-17,15.5,-2],"size":[8,2,8],"uv":[45,118]},{"origin":[9,15.5,-2],"size":[8,2,8],"uv":[45,118]},{"origin":[-17,17.5,-2],"size":[8,9,8],"uv":[58,32]}]},{"name":"arm1","parent":"body","pivot":[0,31,2],"cubes":[{"origin":[9,17.5,-2],"size":[8,9,8],"uv":[27,90],"mirror":true},{"origin":[15,10.5,-2],"size":[2,5,2],"uv":[94,26],"mirror":true},{"origin":[15,10.5,1],"size":[2,5,2],"uv":[94,26],"mirror":true},{"origin":[15,10.5,4],"size":[2,5,2],"uv":[94,26],"mirror":true},{"origin":[9,10.5,-2],"size":[3,5,3],"uv":[94,13],"mirror":true},{"origin":[8,26.5,-2],"size":[8,11,8],"uv":[60,0],"mirror":true}]},{"name":"leg0","parent":"body","pivot":[-4,13,2],"cubes":[{"origin":[-7.5,0,-1],"size":[6,13,5],"uv":[34,59]},{"origin":[-7.5,0,-3],"size":[6,3,2],"uv":[7,72]}]},{"name":"leg1","parent":"body","pivot":[5,13,2],"cubes":[{"origin":[1.5,0,-1],"size":[6,13,5],"uv":[34,59],"mirror":true},{"origin":[1.5,0,-3],"size":[6,3,2],"uv":[7,72],"mirror":true}]}]}}