{"stat.chestOpened":7,"stat.useItem.minecraft.quartz_block":8,"stat.useItem.minecraft.stone":4,"stat.leaveGame":10,"stat.useItem.minecraft.packed_ice":8,"stat.jump":942,"stat.fallOneCm":2288,"stat.useItem.minecraft.planks":88,"stat.crouchOneCm":6013,"stat.useItem.minecraft.nether_brick_fence":17,"achievement.exploreAllBiomes":{"value":0,"progress":["Desert"]},"stat.damageTaken":435,"stat.useItem.minecraft.dark_oak_fence":44,"stat.useItem.minecraft.anvil":1,"stat.useItem.minecraft.brick_block":5,"stat.flyOneCm":1605107,"stat.damageDealt":245,"stat.useItem.minecraft.wool":40,"stat.timeSinceDeath":69899,"stat.useItem.minecraft.sign":4,"stat.useItem.minecraft.wooden_slab":46,"stat.useItem.minecraft.command_block":2,"stat.walkOneCm":289165,"stat.useItem.minecraft.chest":1,"stat.useItem.minecraft.hardened_clay":6,"stat.useItem.minecraft.item_frame":2,"stat.useItem.minecraft.redstone":3,"stat.useItem.minecraft.sea_lantern":122,"stat.useItem.minecraft.written_book":3,"stat.useItem.minecraft.stained_hardened_clay":879,"stat.sprintOneCm":109007,"stat.useItem.minecraft.stained_glass":52,"stat.useItem.minecraft.stone_stairs":12,"stat.useItem.minecraft.glass_pane":45,"stat.useItem.minecraft.stone_slab":129,"achievement.openInventory":84,"stat.useItem.minecraft.iron_block":20,"stat.useItem.minecraft.stonebrick":56,"stat.deaths":1,"stat.drop":2,"stat.playOneMinute":182369,"stat.useItem.minecraft.jungle_stairs":1,"stat.useItem.minecraft.sandstone":1}