{"stat.walkOneCm":49176,"stat.useItem.minecraft.quartz_block":159,"stat.useItem.minecraft.redstone_lamp":15,"stat.useItem.minecraft.lever":9,"achievement.openInventory":9,"stat.useItem.minecraft.repeater":1,"stat.leaveGame":8,"stat.dispenserInspected":3,"stat.flyOneCm":492409,"stat.jump":65,"stat.playOneMinute":44702,"stat.useItem.minecraft.redstone_block":10,"stat.useItem.minecraft.redstone":45,"stat.sneakTime":1291,"stat.crouchOneCm":2598,"stat.timeSinceDeath":44702,"stat.useItem.minecraft.written_book":2,"stat.useItem.minecraft.redstone_torch":4,"stat.sprintOneCm":6426,"stat.useItem.minecraft.sign":18,"achievement.exploreAllBiomes":{"value":0,"progress":["Desert"]}}