{"stat.useItem.minecraft.iron_bars":390,"stat.useItem.minecraft.glass":20,"stat.walkOneCm":242657,"stat.useItem.minecraft.stone_slab":527,"stat.useItem.minecraft.lever":37,"achievement.openInventory":28,"stat.leaveGame":1,"stat.useItem.minecraft.iron_block":8,"stat.useItem.minecraft.skull":2,"stat.useItem.minecraft.hopper":34,"stat.useItem.minecraft.stonebrick":1278,"stat.useItem.minecraft.glowstone":18,"stat.flyOneCm":311349,"stat.jump":275,"stat.playOneMinute":92486,"stat.climbOneCm":3151,"stat.useItem.minecraft.jungle_stairs":34,"stat.useItem.minecraft.ladder":16,"stat.crouchOneCm":32342,"stat.useItem.minecraft.wool":175,"stat.timeSinceDeath":92486,"stat.useItem.minecraft.stained_hardened_clay":37,"stat.hopperInspected":2,"stat.useItem.minecraft.stone_button":2,"stat.useItem.minecraft.dirt":127,"stat.sprintOneCm":54024,"stat.useItem.minecraft.stained_glass":2,"stat.useItem.minecraft.sign":2,"achievement.exploreAllBiomes":{"value":0,"progress":["Desert"]},"stat.useItem.minecraft.web":49,"stat.useItem.minecraft.iron_door":28}