{"stat.useItem.minecraft.iron_bars":23,"stat.flowerPotted":2,"stat.chestOpened":1,"stat.useItem.minecraft.noteblock":2,"stat.useItem.minecraft.lapis_block":3,"stat.walkOneCm":494011,"stat.useItem.minecraft.quartz_block":411,"stat.trappedChestTriggered":5,"stat.useItem.minecraft.lever":37,"stat.useItem.minecraft.hardened_clay":20,"stat.useItem.minecraft.stone":220,"stat.useItem.minecraft.quartz_stairs":180,"stat.leaveGame":10,"stat.useItem.minecraft.log":767,"stat.useItem.minecraft.bookshelf":460,"stat.useItem.minecraft.emerald_block":173,"stat.useItem.minecraft.skull":20,"stat.useItem.minecraft.carpet":13,"stat.useItem.minecraft.potion":2,"stat.useItem.minecraft.glowstone":6,"stat.useItem.minecraft.stained_glass_pane":5,"stat.useItem.minecraft.flower_pot":20,"stat.jump":1590,"stat.useItem.minecraft.redstone_block":16,"stat.useItem.minecraft.planks":1032,"stat.climbOneCm":472,"stat.fallOneCm":3150,"stat.useItem.minecraft.redstone":23,"stat.useItem.minecraft.sea_lantern":27,"stat.useItem.minecraft.milk_bucket":2,"stat.useItem.minecraft.spruce_stairs":26,"stat.crouchOneCm":19252,"stat.useItem.minecraft.coal_block":154,"stat.useItem.minecraft.written_book":6,"stat.useItem.minecraft.stained_hardened_clay":566,"stat.useItem.minecraft.nether_brick_fence":25,"stat.useItem.minecraft.dirt":1,"stat.useItem.minecraft.trapdoor":19,"stat.sprintOneCm":153818,"stat.useItem.minecraft.diamond_block":138,"stat.useItem.minecraft.stained_glass":165,"achievement.exploreAllBiomes":{"value":0,"progress":["Desert"]},"stat.useItem.minecraft.fence":1,"stat.useItem.minecraft.glass_pane":6,"stat.useItem.minecraft.glass":17,"stat.useItem.minecraft.red_flower":1,"stat.useItem.minecraft.dark_oak_door":5,"stat.useItem.minecraft.stone_slab":412,"achievement.openInventory":290,"stat.useItem.minecraft.cauldron":1,"stat.useItem.minecraft.iron_block":2,"stat.useItem.minecraft.dark_oak_fence":111,"stat.damageTaken":240,"stat.useItem.minecraft.stonebrick":1,"stat.flyOneCm":3557435,"stat.deaths":1,"stat.drop":5,"stat.playOneMinute":337519,"stat.useItem.minecraft.nether_brick":54,"stat.useItem.minecraft.wool":1104,"stat.timeSinceDeath":12741,"stat.useItem.minecraft.sign":25,"stat.useItem.minecraft.wooden_slab":5,"stat.useItem.minecraft.sandstone":4}