{"stat.useItem.minecraft.bow":7,"stat.useItem.minecraft.splash_potion":4,"stat.walkOneCm":56719,"achievement.openInventory":34,"stat.leaveGame":3,"stat.useItem.minecraft.lingering_potion":12,"stat.useItem.minecraft.slime":4,"stat.flyOneCm":385146,"stat.jump":93,"stat.playOneMinute":41217,"stat.useItem.minecraft.end_rod":4,"stat.sneakTime":1847,"stat.crouchOneCm":2240,"stat.timeSinceDeath":41217,"stat.useItem.minecraft.stained_hardened_clay":369,"stat.sprintOneCm":14196,"stat.useItem.minecraft.sign":2,"achievement.exploreAllBiomes":{"value":0,"progress":["Desert"]},"stat.useItem.minecraft.sandstone":7}