{"stat.useItem.minecraft.brick_block":133,"stat.flyOneCm":217116,"stat.walkOneCm":39598,"stat.useItem.minecraft.stone_slab":180,"stat.drop":1,"stat.jump":153,"stat.playOneMinute":29792,"achievement.openInventory":11,"stat.drop.minecraft.stained_hardened_clay":1,"stat.leaveGame":1,"stat.sneakTime":1882,"stat.crouchOneCm":690,"stat.timeSinceDeath":29792,"stat.useItem.minecraft.written_book":10,"stat.useItem.minecraft.gold_block":2,"stat.useItem.minecraft.stained_hardened_clay":11,"stat.sprintOneCm":23457,"stat.useItem.minecraft.stained_glass":6,"achievement.exploreAllBiomes":{"value":0,"progress":["Desert"]},"stat.useItem.minecraft.sandstone":3}