{"stat.craftItem.minecraft.leather_leggings":1,"stat.useItem.minecraft.string":4,"stat.useItem.minecraft.bow":3,"stat.useItem.minecraft.lapis_block":1,"stat.useItem.minecraft.quartz_block":175,"stat.useItem.minecraft.repeater":123,"stat.leaveGame":28,"stat.useItem.minecraft.beacon":1,"stat.killEntity.Ozelot":2,"stat.useItem.minecraft.skull":20,"stat.useItem.minecraft.diamond_sword":16,"stat.useItem.minecraft.glowstone":173,"stat.swimOneCm":296,"stat.useItem.minecraft.planks":51,"stat.climbOneCm":5053,"stat.useItem.minecraft.nether_brick_stairs":7,"stat.useItem.minecraft.coal_block":302,"stat.useItem.minecraft.redstone_torch":61,"stat.useItem.minecraft.obsidian":64,"stat.useItem.minecraft.dirt":245,"achievement.exploreAllBiomes":{"value":0,"progress":["Desert"]},"stat.useItem.minecraft.diamond_hoe":49,"stat.useItem.minecraft.anvil":15,"stat.flyOneCm":3837743,"stat.useItem.minecraft.red_mushroom":1,"stat.timeSinceDeath":134354,"stat.hopperInspected":3,"stat.useItem.minecraft.sign":47,"stat.useItem.minecraft.wooden_slab":14,"stat.useItem.minecraft.iron_door":29,"stat.killEntity.Bat":8,"stat.trappedChestTriggered":4,"stat.useItem.minecraft.lever":33,"stat.useItem.minecraft.hardened_clay":38,"stat.useItem.minecraft.armor_stand":6,"stat.useItem.minecraft.redstone":134,"stat.useItem.minecraft.sea_lantern":1,"stat.useItem.minecraft.milk_bucket":1,"stat.useItem.minecraft.written_book":54,"stat.sprintOneCm":348302,"stat.useItem.minecraft.stained_glass":224,"stat.pickup.minecraft.paper":5,"stat.useItem.minecraft.fence":83,"stat.useItem.minecraft.stone_stairs":12,"stat.useItem.minecraft.stone_slab":956,"achievement.openInventory":514,"stat.useItem.minecraft.cauldron":1,"stat.useItem.minecraft.wooden_button":36,"stat.useItem.minecraft.stone_pressure_plate":26,"stat.useItem.minecraft.lingering_potion":91,"stat.useItem.minecraft.hopper":20,"stat.deaths":5,"stat.drop":4,"stat.playOneMinute":778930,"stat.craftItem.minecraft.leather_chestplate":12,"stat.useItem.minecraft.jungle_stairs":95,"stat.useItem.minecraft.ladder":4,"stat.useItem.minecraft.nether_brick":5,"stat.useItem.minecraft.birch_stairs":7,"stat.diveOneCm":1310,"stat.chestOpened":33,"stat.useItem.minecraft.lapis_ore":1,"stat.useItem.minecraft.splash_potion":3,"stat.useItem.minecraft.sticky_piston":111,"stat.useItem.minecraft.stone":399,"stat.useItem.minecraft.quartz_stairs":11,"stat.useItem.minecraft.carpet":41,"stat.useItem.minecraft.stained_glass_pane":508,"stat.useItem.minecraft.packed_ice":1,"stat.useItem.minecraft.bedrock":3,"stat.jump":2994,"stat.useItem.minecraft.sand":1,"stat.useItem.minecraft.experience_bottle":77,"stat.fallOneCm":20818,"stat.useItem.minecraft.trapped_chest":2,"stat.useItem.minecraft.piston":47,"stat.crouchOneCm":22702,"stat.useItem.minecraft.mycelium":1,"stat.useItem.minecraft.nether_brick_fence":134,"stat.useItem.minecraft.stone_button":102,"stat.craftingTableInteraction":11,"stat.useItem.minecraft.glass":13,"stat.useItem.minecraft.dispenser":3,"stat.damageTaken":1229,"stat.useItem.minecraft.stone_brick_stairs":62,"stat.useItem.minecraft.gold_block":1,"stat.dispenserInspected":7,"stat.useItem.minecraft.slime":236,"stat.damageDealt":803,"stat.useItem.minecraft.wool":1097,"stat.useItem.minecraft.crafting_table":2,"stat.useItem.minecraft.iron_bars":251,"stat.useItem.minecraft.command_block":3,"stat.walkOneCm":1765630,"stat.useItem.minecraft.torch":4,"stat.useItem.minecraft.chest":1,"stat.useItem.minecraft.log":71,"stat.useItem.minecraft.tnt":1,"stat.craftItem.minecraft.leather_boots":3,"stat.useItem.minecraft.redstone_block":5,"stat.useItem.minecraft.item_frame":26,"stat.useItem.minecraft.stained_hardened_clay":1080,"stat.useItem.minecraft.glass_pane":76,"stat.useItem.minecraft.birch_door":1,"stat.useItem.minecraft.barrier":4,"stat.useItem.minecraft.iron_block":110,"stat.mobKills":10,"stat.useItem.minecraft.stonebrick":2087,"stat.useItem.minecraft.spruce_door":1,"stat.sneakTime":3422,"stat.useItem.minecraft.sandstone":478,"stat.useItem.minecraft.web":54}