{"stat.chestOpened":1,"stat.useItem.minecraft.lapis_block":10,"stat.useItem.minecraft.quartz_block":133,"stat.useItem.minecraft.stone":209,"stat.drop.minecraft.detector_rail":1,"stat.useItem.minecraft.repeater":23,"stat.leaveGame":13,"stat.useItem.minecraft.sponge":2,"stat.pickup.minecraft.detector_rail":1,"stat.pickup.minecraft.flower_pot":1,"stat.useItem.minecraft.clay":21,"stat.useItem.minecraft.flower_pot":1,"stat.jump":526,"stat.swimOneCm":411,"stat.useItem.minecraft.planks":128,"stat.climbOneCm":3256,"stat.useItem.minecraft.end_rod":1,"stat.useItem.minecraft.piston":1,"stat.drop.minecraft.coal_block":1,"stat.crouchOneCm":15679,"stat.useItem.minecraft.coal_block":206,"stat.useItem.minecraft.redstone_torch":8,"stat.useItem.minecraft.dirt":4,"achievement.exploreAllBiomes":{"value":0,"progress":["Desert"]},"stat.useItem.minecraft.dispenser":2,"stat.useItem.minecraft.glass":2,"stat.useItem.minecraft.red_flower":1,"stat.useItem.minecraft.redstone_lamp":51,"stat.pickup.minecraft.repeater":1,"stat.useItem.minecraft.detector_rail":1,"stat.flyOneCm":1208776,"stat.pickup.minecraft.redstone":2,"stat.useItem.minecraft.wool":733,"stat.timeSinceDeath":147130,"stat.useItem.minecraft.sign":6,"stat.flowerPotted":1,"stat.drop.minecraft.repeater":1,"stat.useItem.minecraft.noteblock":2,"stat.walkOneCm":356864,"stat.useItem.minecraft.chest":1,"stat.useItem.minecraft.lever":3,"stat.useItem.minecraft.hardened_clay":2,"stat.useItem.minecraft.log":1,"stat.useItem.minecraft.cobblestone":29,"stat.furnaceInteraction":3,"stat.useItem.minecraft.gravel":49,"stat.drop.minecraft.wool":1,"stat.useItem.minecraft.redstone_block":53,"stat.useItem.minecraft.item_frame":6,"stat.useItem.minecraft.redstone":116,"stat.pickup.minecraft.tallgrass":1,"stat.useItem.minecraft.written_book":18,"stat.useItem.minecraft.stained_hardened_clay":307,"stat.sprintOneCm":42072,"stat.useItem.minecraft.stained_glass":65,"stat.useItem.minecraft.tallgrass":1,"stat.pickup.minecraft.coal_block":1,"stat.useItem.minecraft.stone_slab":19,"achievement.openInventory":116,"stat.drop.minecraft.dispenser":1,"stat.drop":3,"stat.playOneMinute":147130,"stat.sneakTime":9118,"stat.pickup.minecraft.wool":1,"stat.pickup.minecraft.item_frame":4,"stat.pickup.minecraft.dispenser":1,"stat.diveOneCm":495,"stat.useItem.minecraft.sandstone":36}