{"stat.flyOneCm":1224716,"stat.deaths":1,"stat.walkOneCm":20732,"stat.useItem.minecraft.stone_slab":1748,"stat.drop":3,"stat.jump":85,"stat.useItem.minecraft.quartz_block":667,"stat.playOneMinute":185650,"achievement.openInventory":32,"stat.useItem.minecraft.planks":224,"stat.fallOneCm":2313,"stat.useItem.minecraft.quartz_stairs":30,"stat.leaveGame":1,"stat.useItem.minecraft.log":4,"stat.damageTaken":220,"stat.useItem.minecraft.wool":1079,"stat.crouchOneCm":1640,"stat.timeSinceDeath":18754,"stat.useItem.minecraft.leaves":9,"stat.sprintOneCm":3548,"stat.useItem.minecraft.stained_glass":1714,"stat.useItem.minecraft.sign":5,"achievement.exploreAllBiomes":{"value":0,"progress":["Desert"]}}