{"stat.walkOneCm":124943,"achievement.openInventory":32,"stat.useItem.minecraft.stone":33,"stat.leaveGame":1,"stat.flyOneCm":200978,"stat.pickup.minecraft.sandstone":1,"stat.jump":127,"stat.playOneMinute":44784,"stat.useItem.minecraft.planks":13,"stat.useItem.minecraft.redstone_block":9,"stat.useItem.minecraft.item_frame":3,"stat.sneakTime":2170,"stat.crouchOneCm":4157,"stat.useItem.minecraft.wool":540,"stat.pickup.minecraft.item_frame":1,"stat.timeSinceDeath":44784,"stat.useItem.minecraft.stained_hardened_clay":311,"stat.sprintOneCm":14380,"stat.useItem.minecraft.sign":4,"stat.pickup.minecraft.melon":1,"achievement.exploreAllBiomes":{"value":0,"progress":["Desert"]},"stat.useItem.minecraft.sandstone":13}