{"stat.chestOpened":49,"stat.walkOneCm":426084,"stat.drop.minecraft.paper":2,"stat.useItem.minecraft.chest":2,"stat.useItem.minecraft.stone":91,"stat.useItem.minecraft.pumpkin":6,"stat.leaveGame":28,"stat.useItem.minecraft.log":15,"stat.useItem.minecraft.cobblestone":1,"stat.drop.minecraft.wool":1,"stat.useItem.minecraft.glowstone":13,"stat.jump":835,"stat.fallOneCm":5134,"stat.useItem.minecraft.planks":69,"stat.useItem.minecraft.sea_lantern":2,"stat.useItem.minecraft.spruce_stairs":70,"stat.crouchOneCm":9,"stat.useItem.minecraft.written_book":105,"stat.useItem.minecraft.spruce_fence":16,"stat.useItem.minecraft.stained_hardened_clay":389,"stat.useItem.minecraft.leaves":24,"stat.useItem.minecraft.trapdoor":31,"stat.sprintOneCm":2510,"stat.useItem.minecraft.stained_glass":44,"stat.pickup.minecraft.paper":2,"achievement.exploreAllBiomes":{"value":0,"progress":["Desert"]},"stat.useItem.minecraft.fence":5,"stat.useItem.minecraft.glass_pane":17,"stat.useItem.minecraft.stone_slab":34,"achievement.openInventory":86,"stat.damageTaken":60,"stat.useItem.minecraft.anvil":11,"stat.flyOneCm":894444,"stat.drop":7,"stat.playOneMinute":350316,"stat.sneakTime":127,"stat.damageDealt":20,"stat.useItem.minecraft.wool":1981,"stat.timeSinceDeath":350316,"stat.useItem.minecraft.birch_stairs":45,"stat.useItem.minecraft.sign":19,"stat.useItem.minecraft.wooden_slab":589,"stat.useItem.minecraft.sandstone":16}