{"stat.chestOpened":136,"stat.useItem.minecraft.bow":21,"stat.useItem.minecraft.splash_potion":1,"stat.useItem.minecraft.quartz_block":2,"stat.pickup.minecraft.redstone_torch":3,"stat.leaveGame":3,"stat.useItem.minecraft.diamond_sword":3,"stat.swimOneCm":884,"stat.jump":851,"stat.useItem.minecraft.experience_bottle":283,"stat.fallOneCm":3438,"stat.climbOneCm":2797,"stat.useItem.minecraft.fire_charge":82,"stat.crouchOneCm":10031,"stat.useItem.minecraft.redstone_torch":18,"achievement.exploreAllBiomes":{"value":0,"progress":["Desert"]},"stat.pickup.minecraft.anvil":2,"stat.damageTaken":763,"stat.pickup.minecraft.written_book":1,"stat.pickup.minecraft.dye":4,"stat.useItem.minecraft.anvil":4,"stat.flyOneCm":659668,"stat.damageDealt":1100,"stat.useItem.minecraft.wool":178,"stat.timeSinceDeath":177449,"stat.hopperInspected":40,"stat.useItem.minecraft.spawn_egg":1,"stat.killEntity.Bat":1,"stat.walkOneCm":436844,"stat.drop.minecraft.paper":2,"stat.trappedChestTriggered":1,"stat.useItem.minecraft.chest":6,"stat.useItem.minecraft.tnt":23,"stat.useItem.minecraft.milk_bucket":1,"stat.useItem.minecraft.written_book":80,"stat.useItem.minecraft.stained_hardened_clay":104,"stat.sprintOneCm":161499,"stat.pickup.minecraft.paper":117,"stat.useItem.minecraft.stained_glass":7,"stat.useItem.minecraft.glass_pane":2,"stat.useItem.minecraft.stone_slab":9,"achievement.openInventory":350,"stat.useItem.minecraft.hopper":9,"stat.mobKills":1,"stat.pickup.minecraft.leather_leggings":1,"stat.deaths":1,"stat.drop":3,"stat.drop.minecraft.leather_leggings":1,"stat.playOneMinute":352708,"stat.useItem.minecraft.ladder":12,"stat.sneakTime":7140,"stat.diveOneCm":4677,"stat.pickup.minecraft.chest":1}