{"stat.chestOpened":4,"stat.useItem.minecraft.quartz_block":882,"stat.pickup.minecraft.sign":1,"stat.pickup.minecraft.redstone_torch":1,"stat.useItem.minecraft.stone":72,"stat.useItem.minecraft.quartz_stairs":84,"stat.leaveGame":17,"stat.useItem.minecraft.bookshelf":2,"stat.useItem.minecraft.carpet":28,"stat.useItem.minecraft.stained_glass_pane":12,"stat.jump":1096,"stat.swimOneCm":289,"stat.useItem.minecraft.planks":81,"stat.crouchOneCm":9940,"stat.useItem.minecraft.coal_block":10,"stat.useItem.minecraft.stone_button":9,"achievement.exploreAllBiomes":{"value":0,"progress":["Desert"]},"stat.useItem.minecraft.glass":3,"stat.dispenserInspected":3,"stat.useItem.minecraft.anvil":3,"stat.flyOneCm":4452996,"stat.damageDealt":0,"stat.useItem.minecraft.wool":3974,"stat.timeSinceDeath":483487,"stat.useItem.minecraft.sign":95,"stat.useItem.minecraft.crafting_table":1,"stat.useItem.minecraft.iron_bars":2,"stat.walkOneCm":623351,"stat.useItem.minecraft.torch":2,"stat.trappedChestTriggered":1,"stat.useItem.minecraft.lever":3,"stat.useItem.minecraft.hardened_clay":35,"stat.useItem.minecraft.log":6,"stat.useItem.minecraft.oak_stairs":3,"stat.useItem.minecraft.cobblestone":2,"stat.useItem.minecraft.tnt":8,"stat.drop.minecraft.stained_glass":1,"stat.useItem.minecraft.armor_stand":1,"stat.useItem.minecraft.item_frame":2,"stat.useItem.minecraft.sea_lantern":2,"stat.useItem.minecraft.stained_hardened_clay":983,"stat.useItem.minecraft.dropper":2,"stat.sprintOneCm":151209,"stat.useItem.minecraft.diamond_block":25,"stat.useItem.minecraft.stained_glass":788,"stat.useItem.minecraft.redstone_ore":3,"stat.useItem.minecraft.glass_pane":17,"stat.useItem.minecraft.stone_slab":394,"achievement.openInventory":167,"stat.useItem.minecraft.monster_egg":1,"stat.drop":3,"stat.playOneMinute":483487,"stat.sneakTime":972,"stat.diveOneCm":1626,"stat.useItem.minecraft.sandstone":43}