{"stat.walkOneCm":140499,"achievement.openInventory":12,"stat.useItem.minecraft.stone":2,"stat.leaveGame":1,"stat.drop.minecraft.wool":2,"stat.flyOneCm":301260,"stat.jump":157,"stat.playOneMinute":34583,"stat.sneakTime":116,"stat.pickup.minecraft.wool":2,"stat.useItem.minecraft.wool":362,"stat.crouchOneCm":23,"stat.timeSinceDeath":34583,"stat.useItem.minecraft.written_book":5,"stat.useItem.minecraft.stained_hardened_clay":271,"stat.sprintOneCm":46461,"stat.useItem.minecraft.sign":1,"achievement.exploreAllBiomes":{"value":0,"progress":["Desert"]},"stat.useItem.minecraft.sandstone":22}