{"stat.chestOpened":1,"stat.walkOneCm":243373,"stat.useItem.minecraft.sticky_piston":12,"stat.useItem.minecraft.quartz_block":1723,"stat.useItem.minecraft.chest":1,"stat.useItem.minecraft.hardened_clay":82,"stat.useItem.minecraft.stone":54,"stat.leaveGame":34,"stat.useItem.minecraft.log":12,"stat.useItem.minecraft.cobblestone":42,"stat.furnaceInteraction":5,"stat.useItem.minecraft.dark_oak_stairs":3,"stat.useItem.minecraft.potion":6,"stat.useItem.minecraft.packed_ice":6,"stat.jump":415,"stat.useItem.minecraft.snow":9,"stat.useItem.minecraft.planks":30,"stat.climbOneCm":1775,"stat.useItem.minecraft.redstone":2,"stat.crouchOneCm":16436,"stat.useItem.minecraft.coal_block":410,"stat.useItem.minecraft.written_book":38,"stat.useItem.minecraft.stained_hardened_clay":2028,"stat.useItem.minecraft.dirt":8,"stat.sprintOneCm":81841,"stat.useItem.minecraft.stained_glass":13,"achievement.exploreAllBiomes":{"value":0,"progress":["Desert"]},"stat.useItem.minecraft.fence":65,"stat.useItem.minecraft.glass":662,"stat.useItem.minecraft.stone_slab":705,"achievement.openInventory":198,"stat.useItem.minecraft.iron_block":8,"stat.useItem.minecraft.furnace":12,"stat.useItem.minecraft.spruce_fence_gate":8,"stat.useItem.minecraft.anvil":2,"stat.flyOneCm":1861283,"stat.playOneMinute":366415,"stat.useItem.minecraft.wool":3172,"stat.timeSinceDeath":366415,"stat.useItem.minecraft.sign":13,"stat.useItem.minecraft.fishing_rod":14,"stat.useItem.minecraft.sandstone":5}