{"stat.chestOpened":5,"stat.useItem.minecraft.quartz_block":79,"stat.useItem.minecraft.stone":944,"stat.useItem.minecraft.jungle_fence":4,"stat.useItem.minecraft.quartz_stairs":25,"stat.leaveGame":18,"stat.useItem.minecraft.log2":91,"stat.useItem.minecraft.skull":1,"stat.useItem.minecraft.carpet":33,"stat.useItem.minecraft.glowstone":54,"stat.useItem.minecraft.stained_glass_pane":26,"stat.jump":2853,"stat.swimOneCm":1532,"stat.useItem.minecraft.sand":1,"stat.useItem.minecraft.iron_trapdoor":5,"stat.useItem.minecraft.planks":438,"stat.climbOneCm":521,"stat.fallOneCm":10723,"stat.crouchOneCm":1312,"stat.useItem.minecraft.coal_block":28,"stat.useItem.minecraft.nether_brick_fence":21,"stat.useItem.minecraft.stone_button":36,"stat.useItem.minecraft.dirt":35,"stat.useItem.minecraft.red_sandstone_stairs":8,"achievement.exploreAllBiomes":{"value":0,"progress":["Desert"]},"stat.useItem.minecraft.glass":6,"stat.useItem.minecraft.sandstone_stairs":34,"stat.useItem.minecraft.stone_brick_stairs":6,"stat.useItem.minecraft.brick_block":175,"stat.useItem.minecraft.anvil":2,"stat.flyOneCm":2405796,"stat.damageDealt":140,"stat.useItem.minecraft.wool":40,"stat.timeSinceDeath":303905,"stat.useItem.minecraft.sign":27,"stat.useItem.minecraft.wooden_slab":6,"stat.useItem.minecraft.iron_door":4,"stat.useItem.minecraft.iron_bars":12,"stat.walkOneCm":592442,"stat.trappedChestTriggered":1,"stat.useItem.minecraft.chest":4,"stat.useItem.minecraft.lever":5,"stat.useItem.minecraft.log":20,"stat.useItem.minecraft.oak_stairs":9,"stat.useItem.minecraft.cobblestone":94,"stat.useItem.minecraft.dark_oak_stairs":2,"stat.useItem.minecraft.redstone_block":11,"stat.useItem.minecraft.redstone":15,"stat.useItem.minecraft.written_book":6,"stat.useItem.minecraft.stained_hardened_clay":610,"stat.useItem.minecraft.trapdoor":44,"stat.sprintOneCm":358837,"stat.useItem.minecraft.stained_glass":32,"stat.useItem.minecraft.stone_stairs":8,"stat.useItem.minecraft.glass_pane":26,"stat.useItem.minecraft.stone_slab":649,"achievement.openInventory":137,"stat.useItem.minecraft.iron_block":49,"stat.useItem.minecraft.hopper":3,"stat.useItem.minecraft.cobblestone_wall":45,"stat.drop":24,"stat.playOneMinute":303905,"stat.useItem.minecraft.jungle_stairs":2,"stat.useItem.minecraft.birch_stairs":58,"stat.diveOneCm":8737,"stat.useItem.minecraft.sandstone":303}