{"stat.useItem.minecraft.end_bricks":6,"stat.walkOneCm":82444,"stat.useItem.minecraft.hardened_clay":27,"stat.useItem.minecraft.stone":814,"stat.leaveGame":2,"stat.jump":58,"stat.useItem.minecraft.item_frame":2,"stat.useItem.minecraft.red_sandstone":15,"stat.crouchOneCm":737,"stat.useItem.minecraft.stained_hardened_clay":156,"stat.useItem.minecraft.obsidian":26,"stat.sprintOneCm":7879,"stat.useItem.minecraft.stained_glass":156,"achievement.exploreAllBiomes":{"value":0,"progress":["Desert"]},"stat.useItem.minecraft.ice":1,"achievement.openInventory":61,"stat.useItem.minecraft.gold_block":2,"stat.flyOneCm":665057,"stat.playOneMinute":111951,"stat.sneakTime":3132,"stat.useItem.minecraft.wool":457,"stat.pickup.minecraft.item_frame":1,"stat.timeSinceDeath":111951,"stat.pickup.minecraft.ice":1,"stat.useItem.minecraft.sign":6,"stat.useItem.minecraft.sandstone":94}