{"stat.chestOpened":7,"stat.useItem.minecraft.bow":5,"stat.walkOneCm":351213,"stat.useItem.minecraft.chest":2,"stat.useItem.minecraft.hardened_clay":294,"stat.useItem.minecraft.stone":1,"stat.leaveGame":15,"stat.jump":331,"stat.swimOneCm":594,"stat.useItem.minecraft.planks":25,"stat.fallOneCm":756,"stat.useItem.minecraft.item_frame":1,"stat.crouchOneCm":801,"stat.useItem.minecraft.stained_hardened_clay":1022,"stat.useItem.minecraft.dirt":4,"stat.useItem.minecraft.stained_glass":85,"stat.sprintOneCm":3639,"achievement.exploreAllBiomes":{"value":0,"progress":["Desert"]},"stat.useItem.minecraft.deadbush":2,"stat.useItem.minecraft.stone_slab":55,"achievement.openInventory":383,"stat.damageTaken":50,"stat.useItem.minecraft.anvil":2,"stat.flyOneCm":661183,"stat.drop":1,"stat.playOneMinute":392219,"stat.damageDealt":80,"stat.useItem.minecraft.wool":1432,"stat.timeSinceDeath":392219,"stat.useItem.minecraft.sign":52,"stat.diveOneCm":337,"stat.useItem.minecraft.sandstone":23}