{"stat.chestOpened":1,"stat.walkOneCm":332215,"stat.useItem.minecraft.hardened_clay":146,"stat.useItem.minecraft.stone":274,"stat.leaveGame":4,"stat.jump":1092,"stat.useItem.minecraft.sand":3,"stat.useItem.minecraft.redstone_block":20,"stat.useItem.minecraft.planks":7,"stat.fallOneCm":2540,"stat.useItem.minecraft.item_frame":4,"stat.crouchOneCm":1976,"stat.useItem.minecraft.written_book":4,"stat.useItem.minecraft.stained_hardened_clay":367,"stat.useItem.minecraft.nether_brick_fence":14,"stat.useItem.minecraft.dirt":2,"stat.useItem.minecraft.stained_glass":85,"stat.sprintOneCm":91443,"stat.useItem.minecraft.tallgrass":1,"achievement.exploreAllBiomes":{"value":0,"progress":["Desert"]},"stat.useItem.minecraft.stone_stairs":1,"stat.useItem.minecraft.deadbush":3,"stat.useItem.minecraft.stone_slab":1,"achievement.openInventory":251,"stat.useItem.minecraft.iron_block":7,"stat.damageTaken":90,"stat.useItem.minecraft.gold_block":4,"stat.flyOneCm":1760770,"stat.drop":18,"stat.playOneMinute":226897,"stat.useItem.minecraft.banner":42,"stat.useItem.minecraft.wool":1009,"stat.timeSinceDeath":226897,"stat.useItem.minecraft.sign":17,"stat.useItem.minecraft.sandstone":33}