{"stat.useItem.minecraft.lapis_block":23,"stat.useItem.minecraft.chain_command_block":132,"stat.useItem.minecraft.quartz_block":2590,"stat.useItem.minecraft.repeater":50,"stat.leaveGame":268,"stat.useItem.minecraft.log2":1001,"stat.useItem.minecraft.beacon":3,"stat.useItem.minecraft.skull":31,"stat.pickup.minecraft.leather_chestplate":1,"stat.useItem.minecraft.repeating_command_block":13,"stat.useItem.minecraft.diamond_sword":35,"stat.useItem.minecraft.glowstone":112,"stat.swimOneCm":2356,"stat.useItem.minecraft.planks":616,"stat.climbOneCm":1266,"stat.useItem.minecraft.coal_block":335,"stat.useItem.minecraft.obsidian":1,"stat.useItem.minecraft.redstone_torch":7,"stat.useItem.minecraft.dirt":48,"stat.useItem.minecraft.red_sandstone_stairs":4,"achievement.exploreAllBiomes":{"value":0,"progress":["Desert","Extreme Hills"]},"stat.useItem.minecraft.water_bucket":37,"stat.useItem.minecraft.sandstone_stairs":13,"stat.useItem.minecraft.leaves2":3,"stat.pickup.minecraft.anvil":7,"stat.pickup.minecraft.leather_boots":1,"stat.useItem.minecraft.anvil":121,"stat.useItem.minecraft.brick_block":201,"stat.flyOneCm":36221524,"stat.killEntity.Villager":2,"stat.pickup.minecraft.redstone":6,"stat.timeSinceDeath":602546,"stat.hopperInspected":53,"stat.useItem.minecraft.sign":213,"stat.useItem.minecraft.spawn_egg":1,"stat.useItem.minecraft.wooden_slab":52,"stat.useItem.minecraft.iron_door":42,"stat.trappedChestTriggered":5,"stat.useItem.minecraft.lever":20,"stat.useItem.minecraft.hardened_clay":126,"stat.useItem.minecraft.oak_stairs":4,"stat.furnaceInteraction":1,"stat.pickup.minecraft.carpet":1,"stat.drop.minecraft.wool":1,"stat.useItem.minecraft.armor_stand":118,"stat.drop.minecraft.stone_slab":1,"stat.pickup.minecraft.sponge":1,"stat.drop.minecraft.log2":1,"stat.useItem.minecraft.redstone":59,"stat.useItem.minecraft.sea_lantern":427,"stat.drop.minecraft.anvil":2,"stat.pickup.minecraft.nether_star":320,"stat.useItem.minecraft.written_book":1810,"achievement.mineWood":1,"stat.pickup.minecraft.leather_helmet":1,"stat.useItem.minecraft.trapdoor":11,"stat.useItem.minecraft.stained_glass":1111,"stat.useItem.minecraft.diamond_block":11,"stat.sprintOneCm":309762,"stat.pickup.minecraft.paper":136,"stat.useItem.minecraft.fence":44,"stat.useItem.minecraft.stone_stairs":128,"stat.useItem.minecraft.dark_oak_door":9,"stat.useItem.minecraft.stone_slab":1379,"stat.useItem.minecraft.ice":1,"stat.useItem.minecraft.bed":2,"achievement.openInventory":1143,"stat.useItem.minecraft.wooden_button":5,"stat.useItem.minecraft.stone_pressure_plate":2,"stat.useItem.minecraft.hopper":36,"stat.pickup.minecraft.leather_leggings":1,"stat.useItem.minecraft.dye":9,"stat.pickup.minecraft.lever":4,"stat.deaths":6,"stat.drop":88,"stat.playOneMinute":5357151,"stat.pickup.minecraft.stone_button":20,"stat.useItem.minecraft.jungle_stairs":229,"stat.useItem.minecraft.diamond_ore":1,"stat.killEntity.Zombie":1,"stat.useItem.minecraft.birch_stairs":59,"stat.diveOneCm":4149,"stat.chestOpened":1060,"stat.pickup.minecraft.sign":17,"stat.useItem.minecraft.stone":2338,"stat.useItem.minecraft.quartz_stairs":21,"stat.useItem.minecraft.sponge":12,"stat.useItem.minecraft.diamond_axe":5,"stat.useItem.minecraft.carpet":35,"stat.useItem.minecraft.clay":22,"stat.useItem.minecraft.potion":1,"stat.useItem.minecraft.stained_glass_pane":114,"stat.useItem.minecraft.packed_ice":1,"stat.drop.minecraft.sponge":1,"stat.useItem.minecraft.bedrock":125,"stat.jump":6364,"stat.fallOneCm":24109,"stat.useItem.minecraft.piston":4,"stat.crouchOneCm":136484,"stat.useItem.minecraft.nether_brick_fence":64,"stat.useItem.minecraft.stone_button":113,"stat.craftingTableInteraction":2,"stat.useItem.minecraft.dispenser":2,"stat.useItem.minecraft.glass":895,"stat.useItem.minecraft.sapling":2,"stat.pickup.minecraft.command_block":1,"stat.useItem.minecraft.redstone_lamp":2,"stat.damageTaken":2393,"stat.useItem.minecraft.dark_oak_fence":15,"stat.useItem.minecraft.stone_brick_stairs":130,"stat.pickup.minecraft.written_book":1,"stat.useItem.minecraft.gold_block":26,"stat.dispenserInspected":1,"stat.noteblockTuned":1,"stat.pickup.minecraft.log2":1,"stat.useItem.minecraft.birch_fence":2,"stat.damageDealt":2151,"stat.killEntity.Rabbit":1,"stat.useItem.minecraft.wool":4160,"stat.killEntity.Cow":1,"stat.useItem.minecraft.crafting_table":3,"stat.useItem.minecraft.iron_bars":26,"stat.flowerPotted":16,"stat.useItem.minecraft.command_block":3191,"stat.walkOneCm":2781882,"stat.drop.minecraft.paper":50,"stat.useItem.minecraft.torch":3,"stat.useItem.minecraft.chest":69,"stat.useItem.minecraft.log":126,"stat.useItem.minecraft.comparator":27,"stat.drop.minecraft.tallgrass":2,"stat.useItem.minecraft.tnt":4,"stat.useItem.minecraft.cobblestone":16,"stat.useItem.minecraft.gravel":4,"stat.useItem.minecraft.emerald_block":29,"stat.useItem.minecraft.redstone_block":1049,"stat.useItem.minecraft.item_frame":147,"stat.pickup.minecraft.tallgrass":2,"stat.useItem.minecraft.spruce_stairs":1,"stat.pickup.minecraft.stone":1,"stat.useItem.minecraft.red_mushroom_block":4,"stat.useItem.minecraft.stained_hardened_clay":4511,"stat.useItem.minecraft.leaves":21,"stat.drop.minecraft.command_block":1,"stat.useItem.minecraft.glass_pane":184,"stat.useItem.minecraft.deadbush":2,"stat.useItem.minecraft.barrier":18,"stat.useItem.minecraft.iron_block":400,"stat.useItem.minecraft.jungle_door":1,"stat.mobKills":6,"stat.useItem.minecraft.stonebrick":288,"stat.useItem.minecraft.wooden_door":3,"stat.useItem.minecraft.writable_book":22,"stat.sneakTime":36592,"stat.pickup.minecraft.wool":1,"stat.useItem.minecraft.map":60,"stat.useItem.minecraft.sandstone":1385,"stat.useItem.minecraft.web":7}