{"stat.useItem.minecraft.quartz_block":42,"stat.useItem.minecraft.repeater":6,"stat.leaveGame":26,"stat.swimOneCm":69,"stat.useItem.minecraft.planks":37,"stat.drop.minecraft.cobblestone":1,"achievement.buildWorkBench":2,"stat.useItem.minecraft.coal_block":81,"stat.pickup.minecraft.furnace_minecart":1,"stat.useItem.minecraft.redstone_torch":5,"stat.useItem.minecraft.dirt":13,"achievement.exploreAllBiomes":{"value":0,"progress":["Desert"]},"stat.pickup.minecraft.anvil":1,"stat.useItem.minecraft.purpur_stairs":2,"stat.drop.minecraft.quartz_stairs":3,"stat.useItem.minecraft.anvil":5,"stat.flyOneCm":3309551,"stat.pickup.minecraft.sandstone":3,"stat.drop.minecraft.chainmail_chestplate":1,"stat.timeSinceDeath":277590,"stat.useItem.minecraft.sign":98,"stat.drop.minecraft.log":1,"stat.pickup.minecraft.stained_hardened_clay":2,"stat.useItem.minecraft.wooden_slab":19,"stat.useItem.minecraft.lever":1,"stat.useItem.minecraft.hardened_clay":57,"stat.drop.minecraft.stained_glass":6,"stat.pickup.minecraft.redstone_lamp":1,"stat.drop.minecraft.dirt":1,"stat.drop.minecraft.wool":48,"stat.useItem.minecraft.armor_stand":2,"stat.drop.minecraft.stone_slab":2,"stat.drop.minecraft.redstone_lamp":1,"stat.useItem.minecraft.redstone":34,"stat.drop.minecraft.stained_hardened_clay":24,"stat.useItem.minecraft.red_sandstone":12,"stat.pickup.minecraft.nether_star":6,"achievement.mineWood":1,"stat.useItem.minecraft.spruce_fence":1,"stat.sprintOneCm":88474,"stat.useItem.minecraft.stained_glass":167,"stat.pickup.minecraft.paper":1,"stat.useItem.minecraft.hay_block":61,"stat.drop.minecraft.potion":1,"stat.useItem.minecraft.stone_slab":8,"achievement.openInventory":248,"stat.pickup.minecraft.fireworks":128,"stat.useItem.minecraft.stone_pressure_plate":1,"stat.drop.minecraft.fireworks":64,"stat.useItem.minecraft.lingering_potion":3,"stat.deaths":3,"stat.drop":161,"stat.playOneMinute":650001,"stat.useItem.minecraft.purpur_block":137,"stat.diveOneCm":593,"stat.chestOpened":1,"stat.drop.minecraft.purpur_stairs":2,"stat.pickup.minecraft.sign":2,"stat.useItem.minecraft.stone":35,"stat.useItem.minecraft.quartz_stairs":24,"stat.pickup.minecraft.purpur_stairs":1,"stat.pickup.minecraft.stained_glass_pane":1,"stat.useItem.minecraft.potion":4,"stat.useItem.minecraft.stained_glass_pane":11,"stat.pickup.minecraft.diamond_sword":1,"stat.drop.minecraft.sandstone":13,"stat.jump":1335,"stat.drop.minecraft.stone":3,"stat.drop.minecraft.diamond_sword":1,"stat.crouchOneCm":58074,"stat.drop.minecraft.glass":1,"stat.craftingTableInteraction":2,"stat.drop.minecraft.stained_glass_pane":1,"stat.drop.minecraft.milk_bucket":1,"stat.useItem.minecraft.glass":39,"stat.useItem.minecraft.dispenser":1,"stat.useItem.minecraft.redstone_lamp":7,"stat.damageTaken":600,"stat.dispenserInspected":29,"stat.useItem.minecraft.slime":1,"stat.pickup.minecraft.diamond_axe":1,"stat.drop.minecraft.spruce_fence":1,"stat.useItem.minecraft.wool":2162,"stat.useItem.minecraft.crafting_table":1,"stat.useItem.minecraft.iron_bars":6,"stat.walkOneCm":732168,"stat.drop.minecraft.paper":44,"stat.useItem.minecraft.chest":1,"stat.useItem.minecraft.comparator":1,"stat.useItem.minecraft.cobblestone":23,"stat.craftItem.minecraft.crafting_table":1,"stat.useItem.minecraft.emerald_block":35,"stat.pickup.minecraft.log":1,"stat.drop.minecraft.sign":10,"stat.drop.minecraft.glass_pane":1,"stat.useItem.minecraft.redstone_block":7,"stat.useItem.minecraft.item_frame":12,"stat.useItem.minecraft.stained_hardened_clay":1692,"stat.drop.minecraft.wooden_slab":1,"stat.useItem.minecraft.fireworks":62,"stat.drop.minecraft.clay":1,"stat.useItem.minecraft.glass_pane":48,"stat.drop.minecraft.purpur_block":1,"stat.useItem.minecraft.barrier":3,"stat.useItem.minecraft.iron_block":21,"stat.pickup.minecraft.dragon_breath":14,"stat.sneakTime":30515,"stat.pickup.minecraft.wool":5,"stat.drop.minecraft.sea_lantern":1,"stat.useItem.minecraft.sandstone":94}