{"stat.chestOpened":2,"stat.useItem.minecraft.sticky_piston":6,"stat.useItem.minecraft.quartz_block":336,"stat.leaveGame":7,"stat.useItem.minecraft.stained_glass_pane":8,"stat.jump":509,"stat.swimOneCm":127,"stat.climbOneCm":530,"stat.crouchOneCm":22003,"stat.useItem.minecraft.coal_block":98,"stat.useItem.minecraft.redstone_torch":1,"stat.useItem.minecraft.light_weighted_pressure_plate":2,"achievement.exploreAllBiomes":{"value":0,"progress":["Desert"]},"stat.craftingTableInteraction":1,"stat.dispenserInspected":8,"stat.useItem.minecraft.slime":13,"stat.useItem.minecraft.anvil":4,"stat.flyOneCm":706377,"stat.useItem.minecraft.wool":173,"stat.timeSinceDeath":126440,"stat.useItem.minecraft.sign":1,"stat.useItem.minecraft.iron_door":4,"stat.useItem.minecraft.iron_bars":3,"stat.walkOneCm":189729,"stat.trappedChestTriggered":2,"stat.furnaceInteraction":1,"stat.useItem.minecraft.redstone_block":1,"stat.useItem.minecraft.redstone":10,"stat.useItem.minecraft.written_book":16,"stat.useItem.minecraft.leaves":6,"stat.sprintOneCm":43346,"stat.useItem.minecraft.stained_glass":6,"stat.useItem.minecraft.fence":75,"stat.useItem.minecraft.glass_pane":148,"stat.useItem.minecraft.stone_slab":472,"achievement.openInventory":100,"stat.useItem.minecraft.stone_pressure_plate":2,"stat.useItem.minecraft.wooden_pressure_plate":12,"stat.useItem.minecraft.wooden_door":6,"stat.useItem.minecraft.monster_egg":819,"stat.drop":4,"stat.playOneMinute":126440,"stat.useItem.minecraft.ladder":4,"stat.diveOneCm":613,"stat.useItem.minecraft.sandstone":27}