{"stat.chestOpened":53,"stat.craftItem.minecraft.leather_leggings":3,"stat.useItem.minecraft.splash_potion":1,"stat.useItem.minecraft.quartz_block":2,"stat.craftItem.minecraft.sign":7,"stat.pickup.minecraft.sign":25,"stat.craftItem.minecraft.carpet":154,"stat.leaveGame":11,"stat.useItem.minecraft.carpet":432,"stat.craftItem.minecraft.wool":1226,"stat.useItem.minecraft.potion":2,"stat.jump":1223,"stat.fallOneCm":4276,"stat.useItem.minecraft.planks":16,"stat.craftItem.minecraft.gold_block":1,"stat.crouchOneCm":185,"stat.craftItem.minecraft.chest":3,"stat.pickup.minecraft.painting":1,"achievement.exploreAllBiomes":{"value":0,"progress":["Desert"]},"stat.craftingTableInteraction":5,"stat.damageTaken":160,"stat.craftItem.minecraft.trapdoor":12,"stat.craftItem.minecraft.wooden_button":1,"stat.pickup.minecraft.written_book":1,"stat.craftItem.minecraft.sea_lantern":5,"stat.craftItem.minecraft.glowstone":4,"stat.useItem.minecraft.anvil":1,"stat.flyOneCm":1350044,"stat.craftItem.minecraft.stained_glass":177,"stat.drop.minecraft.carpet":1,"stat.useItem.minecraft.wool":787,"stat.timeSinceDeath":38984,"stat.craftItem.minecraft.anvil":1,"stat.useItem.minecraft.sign":2,"stat.pickup.minecraft.stained_hardened_clay":2,"stat.craftItem.minecraft.stone_slab":1,"stat.walkOneCm":579333,"stat.useItem.minecraft.chest":1,"stat.craftItem.minecraft.glass_pane":22,"stat.craftItem.minecraft.crafting_table":2,"stat.craftItem.minecraft.leather_boots":3,"stat.pickup.minecraft.carpet":2,"stat.drop.minecraft.wool":2,"stat.craftItem.minecraft.stone_button":9,"stat.useItem.minecraft.item_frame":4,"stat.useItem.minecraft.sea_lantern":4,"stat.drop.minecraft.stained_hardened_clay":2,"stat.useItem.minecraft.written_book":173,"stat.useItem.minecraft.stained_hardened_clay":480,"stat.useItem.minecraft.trapdoor":3,"stat.sprintOneCm":293423,"stat.pickup.minecraft.paper":1,"stat.useItem.minecraft.glass_pane":11,"stat.craftItem.minecraft.stained_hardened_clay":1068,"achievement.openInventory":398,"stat.craftItem.minecraft.planks":18,"stat.craftItem.minecraft.stone":3,"stat.craftItem.minecraft.armor_stand":2,"stat.pickup.minecraft.lever":46,"stat.deaths":4,"stat.drop":5,"stat.playOneMinute":264803,"stat.craftItem.minecraft.item_frame":4,"stat.craftItem.minecraft.leather_chestplate":3,"stat.pickup.minecraft.stone_button":1,"stat.sneakTime":2182,"stat.pickup.minecraft.wool":2}