{"stat.chestOpened":1,"stat.useItem.minecraft.anvil":1,"stat.flyOneCm":36258,"stat.deaths":1,"stat.walkOneCm":15881,"stat.drop":1,"stat.jump":31,"stat.playerKills":3,"stat.playOneMinute":9841,"achievement.openInventory":5,"stat.useItem.minecraft.planks":66,"stat.fallOneCm":973,"stat.leaveGame":1,"stat.useItem.minecraft.log":3,"stat.damageTaken":351,"stat.damageDealt":210,"stat.crouchOneCm":254,"stat.timeSinceDeath":0,"stat.useItem.minecraft.stained_hardened_clay":1,"stat.sprintOneCm":2523,"achievement.exploreAllBiomes":{"value":0,"progress":["Desert"]}}