{"stat.walkOneCm":135943,"achievement.openInventory":37,"stat.leaveGame":1,"stat.useItem.minecraft.log":14,"stat.damageTaken":20,"stat.useItem.minecraft.wooden_door":3,"stat.useItem.minecraft.brick_block":1,"stat.flyOneCm":596678,"stat.drop":1,"stat.jump":201,"stat.playOneMinute":51398,"stat.useItem.minecraft.planks":152,"stat.fallOneCm":1693,"stat.useItem.minecraft.sea_lantern":1,"stat.crouchOneCm":4378,"stat.useItem.minecraft.wool":412,"stat.timeSinceDeath":51398,"stat.useItem.minecraft.written_book":3,"stat.useItem.minecraft.stained_hardened_clay":31,"stat.sprintOneCm":25239,"stat.useItem.minecraft.sign":2,"achievement.exploreAllBiomes":{"value":0,"progress":["Desert"]},"stat.useItem.minecraft.sandstone":1,"stat.useItem.minecraft.glass_pane":2}