{"stat.chestOpened":124,"stat.craftItem.minecraft.leather_leggings":1,"stat.walkOneCm":443627,"stat.drop.minecraft.paper":2,"stat.playerKills":2,"stat.useItem.minecraft.chest":11,"stat.leaveGame":2,"stat.craftItem.minecraft.leather_boots":1,"stat.drop.minecraft.leather_helmet":2,"stat.pickup.minecraft.leather_chestplate":1,"stat.useItem.minecraft.potion":10,"stat.craftItem.minecraft.leather_helmet":1,"stat.jump":1626,"stat.swimOneCm":57,"stat.fallOneCm":33969,"stat.useItem.minecraft.planks":1,"stat.drop.minecraft.leather_chestplate":2,"stat.useItem.minecraft.sea_lantern":20,"stat.crouchOneCm":8226,"stat.drop.minecraft.anvil":1,"stat.useItem.minecraft.written_book":88,"stat.pickup.minecraft.leather_helmet":1,"stat.useItem.minecraft.stained_hardened_clay":215,"stat.useItem.minecraft.stone_button":1,"stat.sprintOneCm":219458,"stat.pickup.minecraft.paper":8,"stat.useItem.minecraft.stained_glass":30,"achievement.exploreAllBiomes":{"value":0,"progress":["Desert"]},"stat.craftingTableInteraction":1,"achievement.openInventory":200,"stat.pickup.minecraft.potion":1,"stat.drop.minecraft.leather_boots":3,"stat.pickup.minecraft.leather_leggings":1,"stat.pickup.minecraft.leather_boots":2,"stat.useItem.minecraft.anvil":28,"stat.flyOneCm":1123249,"stat.drop":12,"stat.drop.minecraft.leather_leggings":2,"stat.playOneMinute":312782,"stat.craftItem.minecraft.leather_chestplate":1,"stat.sneakTime":9014,"stat.damageDealt":863,"stat.useItem.minecraft.wool":864,"stat.timeSinceDeath":312782,"stat.useItem.minecraft.crafting_table":1,"stat.diveOneCm":668}