{"stat.walkOneCm":101484,"stat.drop.minecraft.paper":2,"stat.trappedChestTriggered":2,"stat.useItem.minecraft.lever":1,"stat.pickup.minecraft.redstone_torch":2,"stat.useItem.minecraft.stone":1,"stat.leaveGame":7,"stat.drop.minecraft.dirt":1,"stat.drop.minecraft.stone_slab":1,"stat.jump":147,"stat.climbOneCm":406,"stat.drop.minecraft.coal_block":1,"stat.crouchOneCm":2299,"stat.useItem.minecraft.coal_block":395,"stat.useItem.minecraft.written_book":2,"stat.useItem.minecraft.redstone_torch":3,"stat.pickup.minecraft.dirt":1,"stat.sprintOneCm":10576,"stat.useItem.minecraft.diamond_block":18,"achievement.exploreAllBiomes":{"value":0,"progress":["Desert"]},"stat.useItem.minecraft.fence":18,"stat.drop.minecraft.redstone_torch":2,"stat.useItem.minecraft.glass":81,"stat.useItem.minecraft.stone_slab":605,"stat.pickup.minecraft.coal_block":1,"achievement.openInventory":43,"stat.useItem.minecraft.iron_block":47,"stat.useItem.minecraft.stone_brick_stairs":38,"stat.useItem.minecraft.stone_pressure_plate":3,"stat.pickup.minecraft.bucket":1,"stat.useItem.minecraft.acacia_door":6,"stat.drop.minecraft.water_bucket":1,"stat.flyOneCm":514452,"stat.pickup.minecraft.water_bucket":1,"stat.drop":6,"stat.playOneMinute":70847,"stat.pickup.minecraft.stone_button":1,"stat.useItem.minecraft.diamond_ore":4,"stat.sneakTime":2270,"stat.drop.minecraft.bucket":1,"stat.useItem.minecraft.wool":42,"stat.timeSinceDeath":70847,"stat.pickup.minecraft.stone_slab":1,"stat.useItem.minecraft.sign":29,"stat.useItem.minecraft.iron_door":5}