{"stat.craftItem.minecraft.leather_leggings":3,"stat.chestOpened":5,"stat.useItem.minecraft.lapis_block":38,"stat.useItem.minecraft.quartz_block":1235,"stat.useItem.minecraft.painting":8,"stat.useItem.minecraft.record_wait":3,"stat.recordPlayed":4,"stat.useItem.minecraft.record_ward":1,"stat.useItem.minecraft.stone":18,"stat.useItem.minecraft.quartz_stairs":605,"stat.leaveGame":3,"stat.useItem.minecraft.skull":3,"stat.useItem.minecraft.diamond_sword":4,"stat.useItem.minecraft.potion":72,"stat.useItem.minecraft.glowstone":1,"stat.jump":357,"stat.useItem.minecraft.planks":159,"stat.fallOneCm":8008,"stat.crouchOneCm":13724,"stat.useItem.minecraft.nether_brick_fence":12,"stat.useItem.minecraft.redstone_torch":9,"achievement.exploreAllBiomes":{"value":0,"progress":["Desert"]},"stat.craftingTableInteraction":6,"stat.useItem.minecraft.glass":67,"stat.damageTaken":691,"stat.useItem.minecraft.gold_block":2,"stat.useItem.minecraft.anvil":7,"stat.flyOneCm":1301515,"stat.damageDealt":642,"stat.useItem.minecraft.wool":665,"stat.timeSinceDeath":15412,"stat.hopperInspected":2,"stat.useItem.minecraft.sign":5,"stat.useItem.minecraft.crafting_table":4,"stat.useItem.minecraft.iron_door":1,"stat.useItem.minecraft.iron_bars":12,"stat.walkOneCm":434406,"stat.useItem.minecraft.chest":1,"stat.playerKills":5,"stat.craftItem.minecraft.leather_boots":3,"stat.useItem.minecraft.emerald_block":1,"stat.useItem.minecraft.armor_stand":16,"stat.craftItem.minecraft.leather_helmet":2,"stat.useItem.minecraft.redstone_block":2,"stat.useItem.minecraft.item_frame":2,"stat.useItem.minecraft.sea_lantern":1,"stat.useItem.minecraft.written_book":14,"stat.useItem.minecraft.stained_hardened_clay":276,"stat.sprintOneCm":45200,"stat.useItem.minecraft.stained_glass":4,"stat.useItem.minecraft.fence":2,"stat.useItem.minecraft.glass_pane":3,"stat.useItem.minecraft.stone_slab":4,"achievement.openInventory":91,"stat.useItem.minecraft.hopper":1,"stat.useItem.minecraft.stonebrick":17,"stat.useItem.minecraft.wooden_door":1,"stat.deaths":2,"stat.drop":18,"stat.playOneMinute":173480,"stat.craftItem.minecraft.leather_chestplate":3,"stat.useItem.minecraft.map":3,"stat.useItem.minecraft.jukebox":4,"stat.useItem.minecraft.sandstone":8}