{"stat.chestOpened":1,"stat.useItem.minecraft.command_block":1,"stat.walkOneCm":56898,"stat.useItem.minecraft.quartz_block":1,"stat.leaveGame":6,"stat.useItem.minecraft.potion":9,"stat.drop.minecraft.diamond_axe":1,"stat.jump":155,"stat.useItem.minecraft.milk_bucket":2,"stat.crouchOneCm":2284,"stat.sprintOneCm":18428,"achievement.exploreAllBiomes":{"value":0,"progress":["Desert"]},"achievement.openInventory":21,"stat.flyOneCm":361905,"stat.drop":1,"stat.pickup.minecraft.quartz_block":1,"stat.playOneMinute":54257,"stat.sneakTime":2595,"stat.useItem.minecraft.purpur_block":1,"stat.drop.minecraft.quartz_block":1,"stat.timeSinceDeath":54257,"stat.useItem.minecraft.sandstone":1}