{"stat.useItem.minecraft.end_bricks":2,"stat.walkOneCm":37772,"achievement.openInventory":18,"stat.leaveGame":2,"stat.useItem.minecraft.purpur_stairs":1,"stat.flyOneCm":105601,"stat.jump":89,"stat.playOneMinute":34535,"stat.sneakTime":7096,"stat.crouchOneCm":22511,"stat.useItem.minecraft.wool":228,"stat.timeSinceDeath":34535,"stat.useItem.minecraft.written_book":1,"stat.useItem.minecraft.stained_hardened_clay":32,"stat.sprintOneCm":3330,"stat.useItem.minecraft.sign":3,"achievement.exploreAllBiomes":{"value":0,"progress":["Desert"]},"stat.useItem.minecraft.sandstone":1}