{"stat.flyOneCm":277387,"stat.useItem.minecraft.glass":4,"stat.useItem.minecraft.lapis_block":4,"stat.walkOneCm":43436,"stat.drop":1,"stat.jump":101,"stat.useItem.minecraft.quartz_block":43,"stat.playOneMinute":33318,"achievement.openInventory":54,"stat.drop.minecraft.stone":1,"stat.useItem.minecraft.stone":2,"stat.leaveGame":1,"stat.sneakTime":921,"stat.useItem.minecraft.sponge":1,"stat.pickup.minecraft.stone":1,"stat.crouchOneCm":1422,"stat.useItem.minecraft.wool":5,"stat.timeSinceDeath":33318,"stat.useItem.minecraft.stained_hardened_clay":77,"stat.useItem.minecraft.sign":2,"stat.sprintOneCm":8432,"achievement.exploreAllBiomes":{"value":0,"progress":["Desert"]},"stat.useItem.minecraft.sandstone":1}