{"stat.useItem.minecraft.string":11,"stat.chestOpened":44,"stat.useItem.minecraft.brick_stairs":4,"stat.useItem.minecraft.quartz_block":2136,"stat.useItem.minecraft.stone":1033,"stat.useItem.minecraft.jungle_fence":138,"stat.useItem.minecraft.repeater":5,"stat.useItem.minecraft.quartz_stairs":83,"stat.leaveGame":62,"stat.useItem.minecraft.sponge":143,"stat.useItem.minecraft.skull":4,"stat.useItem.minecraft.carpet":28,"stat.useItem.minecraft.glowstone":1,"stat.useItem.minecraft.stained_glass_pane":9,"stat.useItem.minecraft.packed_ice":11,"stat.swimOneCm":334,"stat.jump":1320,"stat.climbOneCm":5234,"stat.useItem.minecraft.planks":175,"stat.fallOneCm":19340,"stat.useItem.minecraft.coal_block":661,"stat.crouchOneCm":36194,"stat.useItem.minecraft.nether_brick_fence":4,"stat.useItem.minecraft.dirt":1301,"stat.useItem.minecraft.stone_button":8,"achievement.exploreAllBiomes":{"value":0,"progress":["Desert"]},"stat.useItem.minecraft.glass":59,"stat.useItem.minecraft.sapling":8,"stat.useItem.minecraft.redstone_lamp":73,"stat.useItem.minecraft.dark_oak_fence":26,"stat.damageTaken":923,"stat.useItem.minecraft.stone_brick_stairs":435,"stat.useItem.minecraft.rail":1,"stat.useItem.minecraft.furnace":2,"stat.useItem.minecraft.gold_block":64,"stat.useItem.minecraft.brick_block":1246,"stat.useItem.minecraft.anvil":2,"stat.flyOneCm":6462508,"stat.useItem.minecraft.birch_fence":7,"stat.damageDealt":45,"stat.useItem.minecraft.wool":3141,"stat.timeSinceDeath":9464,"stat.useItem.minecraft.sign":137,"stat.useItem.minecraft.wooden_slab":3,"stat.useItem.minecraft.iron_door":2,"stat.useItem.minecraft.iron_bars":36,"stat.walkOneCm":751513,"stat.trappedChestTriggered":3,"stat.useItem.minecraft.chest":6,"stat.useItem.minecraft.hardened_clay":88,"stat.useItem.minecraft.log":23,"stat.useItem.minecraft.oak_stairs":7,"stat.useItem.minecraft.cobblestone":8,"stat.furnaceInteraction":5,"stat.useItem.minecraft.gravel":81,"stat.useItem.minecraft.emerald_block":1,"stat.useItem.minecraft.armor_stand":1,"stat.useItem.minecraft.redstone_block":70,"stat.useItem.minecraft.spruce_stairs":13,"achievement.mineWood":2,"stat.useItem.minecraft.written_book":5,"stat.useItem.minecraft.stained_hardened_clay":2117,"stat.useItem.minecraft.trapdoor":7,"stat.useItem.minecraft.leaves":326,"stat.useItem.minecraft.stained_glass":717,"stat.sprintOneCm":173166,"stat.useItem.minecraft.tallgrass":13,"stat.useItem.minecraft.stone_stairs":103,"stat.useItem.minecraft.glass_pane":1,"stat.useItem.minecraft.deadbush":1,"stat.useItem.minecraft.stone_slab":2977,"stat.useItem.minecraft.ice":9,"achievement.openInventory":305,"stat.useItem.minecraft.snowball":228,"stat.useItem.minecraft.iron_block":4,"stat.useItem.minecraft.wooden_button":4,"stat.useItem.minecraft.stone_pressure_plate":7,"stat.useItem.minecraft.stonebrick":793,"stat.useItem.minecraft.dye":54,"stat.useItem.minecraft.monster_egg":4,"stat.deaths":4,"stat.drop":6,"stat.playOneMinute":736366,"stat.useItem.minecraft.diamond_ore":1,"stat.useItem.minecraft.birch_stairs":45,"stat.useItem.minecraft.fishing_rod":2,"stat.useItem.minecraft.sandstone":32,"stat.useItem.minecraft.web":29}