{"stat.chestOpened":21,"stat.useItem.minecraft.anvil":3,"stat.flyOneCm":56076,"stat.walkOneCm":42205,"stat.jump":57,"stat.useItem.minecraft.chest":1,"stat.playOneMinute":64065,"stat.useItem.minecraft.experience_bottle":1205,"achievement.openInventory":39,"stat.fallOneCm":209,"stat.leaveGame":1,"stat.sneakTime":1517,"stat.damageDealt":82,"stat.crouchOneCm":2623,"stat.timeSinceDeath":64065,"stat.useItem.minecraft.written_book":1,"stat.sprintOneCm":9515,"stat.useItem.minecraft.spawn_egg":212,"achievement.exploreAllBiomes":{"value":0,"progress":["Desert"]},"stat.aviateOneCm":130,"stat.useItem.minecraft.water_bucket":2}