{"stat.drop.minecraft.shield":1,"stat.flyOneCm":202609,"stat.walkOneCm":40234,"stat.jump":119,"stat.playOneMinute":23641,"achievement.openInventory":31,"stat.useItem.minecraft.planks":10,"stat.sneakTime":2428,"stat.crouchOneCm":8141,"stat.useItem.minecraft.wool":184,"stat.timeSinceDeath":23641,"stat.useItem.minecraft.stained_hardened_clay":87,"stat.useItem.minecraft.lingering_potion":17,"stat.sprintOneCm":13434,"stat.useItem.minecraft.sign":1,"achievement.exploreAllBiomes":{"value":0,"progress":["Desert"]},"stat.useItem.minecraft.sandstone":2}