{"stat.chestOpened":67,"stat.craftItem.minecraft.leather_leggings":1,"stat.useItem.minecraft.lapis_block":3,"stat.useItem.minecraft.quartz_block":142,"stat.leaveGame":4,"stat.useItem.minecraft.sponge":27,"stat.useItem.minecraft.skull":5,"stat.useItem.minecraft.carpet":1,"stat.useItem.minecraft.potion":1,"stat.useItem.minecraft.glowstone":1,"stat.useItem.minecraft.stained_glass_pane":181,"stat.jump":866,"stat.useItem.minecraft.iron_trapdoor":1,"stat.climbOneCm":245,"stat.fallOneCm":7388,"stat.useItem.minecraft.planks":9,"stat.useItem.minecraft.nether_brick_stairs":305,"stat.crouchOneCm":20623,"stat.useItem.minecraft.coal_block":1,"stat.useItem.minecraft.redstone_torch":4,"stat.useItem.minecraft.dirt":12,"achievement.exploreAllBiomes":{"value":0,"progress":["Desert"]},"stat.craftingTableInteraction":1,"stat.useItem.minecraft.glass":1,"stat.useItem.minecraft.sandstone_stairs":7,"stat.pickup.minecraft.anvil":1,"stat.damageTaken":418,"stat.useItem.minecraft.stone_brick_stairs":162,"stat.useItem.minecraft.brick_block":14,"stat.useItem.minecraft.anvil":6,"stat.flyOneCm":1308405,"stat.useItem.minecraft.wool":470,"stat.timeSinceDeath":265168,"stat.useItem.minecraft.sign":11,"stat.useItem.minecraft.crafting_table":1,"stat.useItem.minecraft.wooden_slab":53,"stat.useItem.minecraft.iron_door":1,"stat.walkOneCm":566822,"stat.trappedChestTriggered":1,"stat.useItem.minecraft.chest":9,"stat.useItem.minecraft.lever":36,"stat.useItem.minecraft.hardened_clay":102,"stat.useItem.minecraft.cobblestone":9,"stat.craftItem.minecraft.leather_boots":1,"stat.craftItem.minecraft.leather_helmet":1,"stat.useItem.minecraft.end_stone":5,"stat.useItem.minecraft.sea_lantern":263,"stat.useItem.minecraft.written_book":8,"stat.useItem.minecraft.stained_hardened_clay":438,"stat.useItem.minecraft.trapdoor":3,"stat.useItem.minecraft.stained_glass":15,"stat.sprintOneCm":35190,"stat.useItem.minecraft.fence":16,"stat.useItem.minecraft.glass_pane":186,"stat.useItem.minecraft.birch_door":2,"stat.useItem.minecraft.dark_oak_door":2,"stat.useItem.minecraft.stone_slab":169,"achievement.openInventory":217,"stat.useItem.minecraft.stonebrick":1152,"stat.deaths":1,"stat.useItem.minecraft.spruce_door":8,"stat.drop":1,"stat.playOneMinute":417504,"stat.craftItem.minecraft.leather_chestplate":1,"stat.useItem.minecraft.nether_brick":1704,"stat.sneakTime":440,"stat.useItem.minecraft.jukebox":2,"stat.useItem.minecraft.sandstone":54,"stat.useItem.minecraft.web":31}