{"stat.useItem.minecraft.glass":3,"stat.walkOneCm":49571,"achievement.openInventory":15,"stat.leaveGame":1,"stat.damageTaken":200,"stat.drop.minecraft.lingering_potion":5,"stat.useItem.minecraft.lingering_potion":25,"stat.drop.minecraft.wool":5,"stat.drop.minecraft.written_book":1,"stat.flyOneCm":253899,"stat.drop.minecraft.sign":1,"stat.deaths":1,"stat.drop":14,"stat.drop.minecraft.sandstone":1,"stat.jump":50,"stat.playOneMinute":34734,"stat.drop.minecraft.stained_hardened_clay":1,"stat.sneakTime":1292,"stat.useItem.minecraft.enchanting_table":1,"stat.crouchOneCm":1177,"stat.useItem.minecraft.wool":253,"stat.timeSinceDeath":839,"stat.useItem.minecraft.written_book":2,"stat.useItem.minecraft.stained_hardened_clay":2,"stat.sprintOneCm":12262,"achievement.exploreAllBiomes":{"value":0,"progress":["Desert"]},"stat.useItem.minecraft.sandstone":3,"stat.drop.minecraft.glass":1,"stat.craftingTableInteraction":1}