{"stat.chestOpened":1,"stat.drop.minecraft.armor_stand":1,"stat.walkOneCm":193015,"stat.pickup.minecraft.armor_stand":1,"stat.drop.minecraft.paper":3,"stat.drop.minecraft.stone_stairs":1,"stat.useItem.minecraft.quartz_block":16,"stat.useItem.minecraft.chest":1,"stat.useItem.minecraft.stone":21,"stat.leaveGame":2,"stat.drop.minecraft.stained_glass":1,"stat.pickup.minecraft.carpet":1,"stat.drop.minecraft.wool":4,"stat.useItem.minecraft.stained_glass_pane":6,"stat.drop.minecraft.sandstone":2,"stat.jump":284,"stat.fallOneCm":749,"stat.climbOneCm":207,"stat.pickup.minecraft.glowstone":1,"stat.useItem.minecraft.item_frame":4,"stat.drop.minecraft.cobblestone":1,"stat.drop.minecraft.stained_hardened_clay":2,"stat.useItem.minecraft.milk_bucket":2,"stat.drop.minecraft.planks":1,"stat.pickup.minecraft.glass":2,"stat.crouchOneCm":17,"stat.drop.minecraft.anvil":3,"stat.drop.minecraft.oak_stairs":1,"stat.useItem.minecraft.stained_hardened_clay":96,"stat.useItem.minecraft.stone_button":6,"stat.sprintOneCm":16368,"stat.useItem.minecraft.stained_glass":20,"stat.drop.minecraft.glowstone":1,"achievement.exploreAllBiomes":{"value":0,"progress":["Desert"]},"stat.drop.minecraft.glass":2,"stat.drop.minecraft.milk_bucket":1,"stat.useItem.minecraft.stone_slab":41,"achievement.openInventory":35,"stat.pickup.minecraft.stone_stairs":1,"stat.useItem.minecraft.wooden_button":2,"stat.damageTaken":157,"stat.pickup.minecraft.cobblestone":1,"stat.pickup.minecraft.planks":1,"stat.useItem.minecraft.anvil":5,"stat.flyOneCm":497483,"stat.pickup.minecraft.sandstone":2,"stat.drop":23,"stat.playOneMinute":197868,"stat.pickup.minecraft.oak_stairs":1,"stat.useItem.minecraft.ladder":1,"stat.sneakTime":350,"stat.pickup.minecraft.wool":4,"stat.useItem.minecraft.wool":803,"stat.timeSinceDeath":197868,"stat.drop.minecraft.chest":3,"stat.useItem.minecraft.sign":5,"stat.pickup.minecraft.stained_hardened_clay":2,"stat.useItem.minecraft.sandstone":16}