{"stat.chestOpened":1,"stat.walkOneCm":29942,"stat.useItem.minecraft.stone_slab":435,"stat.useItem.minecraft.quartz_block":45,"stat.trappedChestTriggered":1,"stat.useItem.minecraft.chest":1,"achievement.openInventory":31,"stat.leaveGame":1,"stat.useItem.minecraft.stone_pressure_plate":1,"stat.useItem.minecraft.glowstone":1,"stat.flyOneCm":316842,"stat.jump":70,"stat.playOneMinute":38726,"stat.climbOneCm":270,"stat.useItem.minecraft.wool":195,"stat.crouchOneCm":558,"stat.timeSinceDeath":38726,"stat.useItem.minecraft.written_book":1,"stat.useItem.minecraft.stone_button":1,"stat.useItem.minecraft.sign":1,"stat.sprintOneCm":5838,"stat.useItem.minecraft.stained_glass":130,"achievement.exploreAllBiomes":{"value":0,"progress":["Desert"]},"stat.useItem.minecraft.iron_door":5}