{"stat.walkOneCm":185217,"stat.useItem.minecraft.quartz_block":117,"achievement.openInventory":31,"stat.useItem.minecraft.stone":157,"stat.leaveGame":2,"stat.useItem.minecraft.iron_block":4,"stat.useItem.minecraft.slime":71,"stat.flyOneCm":157155,"stat.jump":135,"stat.useItem.minecraft.snow":114,"stat.playOneMinute":60104,"stat.useItem.minecraft.item_frame":20,"stat.sneakTime":1351,"stat.drop.minecraft.sapling":1,"stat.crouchOneCm":1999,"stat.useItem.minecraft.wool":77,"stat.pickup.minecraft.item_frame":1,"stat.timeSinceDeath":60104,"stat.useItem.minecraft.written_book":3,"stat.useItem.minecraft.stained_hardened_clay":43,"stat.useItem.minecraft.sign":13,"stat.sprintOneCm":3205,"achievement.exploreAllBiomes":{"value":0,"progress":["Desert"]},"stat.useItem.minecraft.sandstone":10}