{"stat.useItem.minecraft.bow":1,"stat.walkOneCm":19999,"achievement.openInventory":28,"stat.leaveGame":2,"stat.useItem.minecraft.lingering_potion":67,"stat.drop.minecraft.shield":1,"stat.drop.minecraft.written_book":1,"stat.flyOneCm":222945,"stat.jump":97,"stat.playOneMinute":10699,"stat.drop.minecraft.diamond_helmet":1,"stat.sneakTime":350,"stat.crouchOneCm":274,"stat.timeSinceDeath":10699,"stat.useItem.minecraft.written_book":1,"stat.sprintOneCm":9761,"achievement.exploreAllBiomes":{"value":0,"progress":["Desert"]},"stat.useItem.minecraft.sandstone":1}