{"stat.craftItem.minecraft.leather_leggings":1,"stat.useItem.minecraft.bow":16,"stat.useItem.minecraft.lapis_block":12,"stat.useItem.minecraft.painting":1,"stat.useItem.minecraft.quartz_block":860,"stat.leaveGame":65,"stat.useItem.minecraft.log2":18,"stat.useItem.minecraft.skull":10,"stat.useItem.minecraft.diamond_sword":19,"stat.swimOneCm":2486,"stat.useItem.minecraft.planks":296,"stat.climbOneCm":4352,"stat.useItem.minecraft.end_rod":2,"stat.useItem.minecraft.redstone_torch":10,"stat.useItem.minecraft.dirt":166,"achievement.exploreAllBiomes":{"value":0,"progress":["Desert"]},"stat.useItem.minecraft.water_bucket":3,"stat.useItem.minecraft.red_flower":1,"stat.pickup.minecraft.anvil":1,"stat.useItem.minecraft.rail":24,"stat.aviateOneCm":108272,"stat.useItem.minecraft.anvil":18,"stat.useItem.minecraft.brick_block":4,"stat.flyOneCm":6971380,"stat.timeSinceDeath":136563,"stat.useItem.minecraft.sign":80,"stat.useItem.minecraft.wooden_slab":104,"stat.useItem.minecraft.iron_door":12,"stat.trappedChestTriggered":15,"stat.useItem.minecraft.lever":33,"stat.useItem.minecraft.oak_stairs":5,"stat.drop.minecraft.stained_glass":2,"stat.useItem.minecraft.armor_stand":6,"stat.craftItem.minecraft.leather_helmet":1,"stat.useItem.minecraft.redstone":70,"stat.useItem.minecraft.sea_lantern":3,"stat.useItem.minecraft.red_sandstone":2,"stat.useItem.minecraft.written_book":16,"stat.useItem.minecraft.trapdoor":6,"stat.sprintOneCm":300965,"stat.useItem.minecraft.diamond_block":172,"stat.useItem.minecraft.stained_glass":80,"stat.pickup.minecraft.paper":10,"stat.useItem.minecraft.hay_block":27,"stat.useItem.minecraft.fence":42,"stat.useItem.minecraft.stone_stairs":30,"stat.pickup.minecraft.skull":1,"stat.useItem.minecraft.dark_oak_door":1,"stat.useItem.minecraft.stone_slab":595,"stat.useItem.minecraft.bed":1,"achievement.openInventory":592,"stat.useItem.minecraft.cauldron":1,"stat.useItem.minecraft.snowball":114,"stat.useItem.minecraft.stone_pressure_plate":12,"stat.pickup.minecraft.lever":5,"stat.deaths":2,"stat.drop":111,"stat.playOneMinute":896431,"stat.craftItem.minecraft.leather_chestplate":4,"stat.useItem.minecraft.ladder":15,"stat.diveOneCm":10663,"stat.chestOpened":75,"stat.useItem.minecraft.sticky_piston":1,"stat.useItem.minecraft.stone":549,"stat.useItem.minecraft.jungle_fence":14,"stat.useItem.minecraft.quartz_stairs":14,"stat.useItem.minecraft.carpet":150,"stat.useItem.minecraft.clay":65,"stat.useItem.minecraft.potion":3,"stat.useItem.minecraft.stained_glass_pane":34,"stat.jump":2697,"stat.useItem.minecraft.iron_trapdoor":10,"stat.useItem.minecraft.sand":14,"stat.fallOneCm":10442,"stat.useItem.minecraft.piston":11,"stat.crouchOneCm":51400,"stat.useItem.minecraft.nether_brick_fence":25,"stat.useItem.minecraft.stone_button":9,"stat.craftingTableInteraction":9,"stat.useItem.minecraft.glass":64,"stat.useItem.minecraft.dispenser":20,"stat.damageTaken":1313,"stat.useItem.minecraft.stone_brick_stairs":5,"stat.pickup.minecraft.written_book":1,"stat.dispenserInspected":18,"stat.pickup.minecraft.wheat_seeds":1,"stat.useItem.minecraft.enchanting_table":1,"stat.pickup.minecraft.stained_glass":2,"stat.damageDealt":212,"stat.useItem.minecraft.wool":1367,"stat.useItem.minecraft.snow_layer":6,"stat.useItem.minecraft.crafting_table":5,"stat.useItem.minecraft.iron_bars":12,"stat.walkOneCm":1375902,"stat.drop.minecraft.paper":2,"stat.useItem.minecraft.chest":11,"stat.useItem.minecraft.pumpkin":4,"stat.pickup.minecraft.spectral_arrow":1,"stat.useItem.minecraft.cobblestone":3,"stat.craftItem.minecraft.leather_boots":1,"stat.useItem.minecraft.redstone_block":19,"stat.useItem.minecraft.item_frame":11,"stat.useItem.minecraft.stained_hardened_clay":563,"stat.pickup.minecraft.ladder":1,"stat.useItem.minecraft.fireworks":69,"stat.useItem.minecraft.glass_pane":2,"stat.useItem.minecraft.deadbush":11,"stat.useItem.minecraft.prismarine":120,"stat.useItem.minecraft.barrier":21,"stat.useItem.minecraft.iron_block":134,"stat.useItem.minecraft.stonebrick":4,"stat.useItem.minecraft.monster_egg":5,"stat.useItem.minecraft.cobblestone_wall":8,"stat.sneakTime":11461,"stat.pickup.minecraft.stone_slab":1,"stat.useItem.minecraft.fishing_rod":45,"stat.useItem.minecraft.sandstone":25,"stat.pickup.minecraft.chest":1}