{"stat.chestOpened":19,"stat.useItem.minecraft.lapis_block":40,"stat.useItem.minecraft.sticky_piston":79,"stat.useItem.minecraft.quartz_block":4,"stat.useItem.minecraft.stone":2367,"stat.useItem.minecraft.repeater":157,"stat.leaveGame":36,"stat.useItem.minecraft.skull":14,"stat.useItem.minecraft.carpet":1,"stat.useItem.minecraft.stained_glass_pane":6,"stat.useItem.minecraft.glowstone":50,"stat.swimOneCm":4123,"stat.jump":2948,"stat.useItem.minecraft.sand":5,"stat.useItem.minecraft.snow":2,"stat.useItem.minecraft.planks":392,"stat.climbOneCm":21668,"stat.useItem.minecraft.coal_block":290,"stat.crouchOneCm":63692,"stat.useItem.minecraft.nether_brick_fence":9,"stat.useItem.minecraft.dirt":448,"stat.useItem.minecraft.stone_button":6,"achievement.exploreAllBiomes":{"value":0,"progress":["Desert"]},"stat.useItem.minecraft.glass":290,"stat.useItem.minecraft.dispenser":17,"stat.useItem.minecraft.iron_ore":4,"stat.dispenserInspected":7,"stat.useItem.minecraft.slime":67,"stat.useItem.minecraft.anvil":2,"stat.useItem.minecraft.brick_block":2,"stat.flyOneCm":7841802,"stat.damageDealt":54,"stat.useItem.minecraft.wool":1108,"stat.timeSinceDeath":897707,"stat.useItem.minecraft.sign":77,"stat.useItem.minecraft.wooden_slab":15,"stat.useItem.minecraft.command_block":1,"stat.walkOneCm":1153236,"stat.trappedChestTriggered":4,"stat.useItem.minecraft.chest":3,"stat.useItem.minecraft.lever":46,"stat.useItem.minecraft.hardened_clay":1,"stat.useItem.minecraft.log":22,"stat.furnaceInteraction":1,"stat.useItem.minecraft.redstone_block":66,"stat.useItem.minecraft.redstone":224,"stat.useItem.minecraft.written_book":62,"stat.useItem.minecraft.stained_hardened_clay":674,"stat.sprintOneCm":267062,"stat.useItem.minecraft.stained_glass":563,"stat.useItem.minecraft.fence":115,"stat.useItem.minecraft.glass_pane":235,"stat.useItem.minecraft.stone_slab":488,"stat.useItem.minecraft.acacia_fence":102,"achievement.openInventory":518,"stat.useItem.minecraft.iron_block":18,"stat.useItem.minecraft.stone_pressure_plate":9,"stat.useItem.minecraft.hopper":17,"stat.useItem.minecraft.stonebrick":18,"stat.drop":131,"stat.playOneMinute":897707,"stat.useItem.minecraft.ladder":23,"stat.useItem.minecraft.birch_stairs":6,"stat.diveOneCm":1632,"stat.useItem.minecraft.sandstone":658}