{
	"format_version": "1.12.0",
	"minecraft:geometry": [
		{
			"description": {
				"identifier": "geometry.airdrop",
				"texture_width": 256,
				"texture_height": 256,
				"visible_bounds_width": 5,
				"visible_bounds_height": 5,
				"visible_bounds_offset": [0, 0, 0]
			},
			"bones": [
				{
					"name": "unknown_bone",
					"pivot": [0, 0, 0],
					"cubes": [
						{"origin": [-8, 0, -8], "size": [16, 16, 16], "uv": [0, 0]},
						{"origin": [7, 15, 7], "size": [1, 26, 1], "pivot": [8, 15, 7], "rotation": [-30, 40, 0], "uv": [0, 32]},
						{"origin": [-9, 15, 7], "size": [1, 26, 1], "pivot": [-8, 15, 7], "rotation": [-30, -40, 0], "uv": [0, 32]},
						{"origin": [-7, 15, -7], "size": [1, 26, 1], "pivot": [-6, 15, -7], "rotation": [30, 40, 0], "uv": [0, 32]},
						{"origin": [6, 15, -7], "size": [1, 26, 1], "pivot": [7, 15, -7], "rotation": [30, -40, 0], "uv": [0, 32]},
						{"origin": [-20, 38, -22], "size": [40, 40, 40], "uv": [0, 65]},
						{"origin": [-22, 40, -24], "size": [44, 36, 44], "uv": [0, 65]},
						{"origin": [-17, 37, -19], "size": [35, 42, 35], "uv": [0, 65]}
					]
				}
			]
		}
	]
}