{
	"format_version": "1.10.0",
	"geometry.chair_2seater": {
		"texturewidth": 300,
		"textureheight": 300,
		"visible_bounds_width": 6,
		"visible_bounds_height": 2,
		"visible_bounds_offset": [0, 0, 0],
		"bones": [
			{
				"name": "chair",
				"pivot": [0, 0, 0],
				"cubes": [
					{"origin": [-1, 3, 7], "size": [5, 23, 1], "uv": [0, 18]},
					{"origin": [-12, 24, 7], "size": [27, 5, 1], "uv": [0, 18]},
					{"origin": [24, 1, 1], "size": [7, 32, 5], "uv": [0, 18]},
					{"origin": [-29, 1, 1], "size": [7, 32, 5], "uv": [0, 18]},
					{"origin": [27, 1, 0], "size": [7, 32, 4], "uv": [0, 18]},
					{"origin": [-32, 1, 0], "size": [7, 32, 4], "uv": [0, 18]},
					{"origin": [30, 1, -1], "size": [6, 32, 2], "uv": [0, 18]},
					{"origin": [-34, 1, -1], "size": [6, 32, 2], "uv": [0, 18]},
					{"origin": [32, 1, -2], "size": [5, 32, 2], "uv": [0, 18]},
					{"origin": [-35, 1, -2], "size": [5, 32, 2], "uv": [0, 18]},
					{"origin": [-26, 1, 1], "size": [54, 32, 6], "uv": [0, 18]}
				]
			},
			{
				"name": "seat",
				"parent": "chair",
				"pivot": [0, 10, 3],
				"rotation": [-10, 0, 0]
			},
			{
				"name": "legs",
				"parent": "chair",
				"pivot": [0, 0, 0]
			}
		]
	}
}