{
	"format_version": "1.12.0",
	"minecraft:geometry": [
		{
			"description": {
				"identifier": "geometry.Daun_keladi",
				"texture_width": 16,
				"texture_height": 16,
				"visible_bounds_width": 2,
				"visible_bounds_height": 1,
				"visible_bounds_offset": [0, 0, 0]
			},
			"bones": [
				{
					"name": "unknown_bone",
					"pivot": [0, 0, 0],
					"cubes": [
						{"origin": [-2, 12, -2], "size": [3, 1, 3], "uv": [0, 2]},
						{"origin": [-1, 12, 1], "size": [1, 1, 2], "uv": [0, 2]},
						{"origin": [6, 12, -9], "size": [1, 1, 2], "pivot": [8, 12, -2], "rotation": [0, 90, 0], "uv": [0, 2]},
						{"origin": [-4, 12, -16], "size": [1, 1, 2], "pivot": [-2, 12, -9], "rotation": [0, 180, 0], "uv": [0, 2]},
						{"origin": [-11, 12, -6], "size": [1, 1, 2], "pivot": [-9, 12, 1], "rotation": [0, -90, 0], "uv": [0, 2]}
					]
				}
			]
		}
	]
}