{"format_version":"1.12.0","minecraft:geometry":[{"description":{"identifier":"geometry.ice_rider","texture_width":16,"texture_height":16,"visible_bounds_width":2,"visible_bounds_height":1,"visible_bounds_offset":[0,0,0]},"bones":[{"name":"unknown_bone","pivot":[0,0,0],"cubes":[{"origin":[-7,5,-8],"size":[14,6,1],"uv":[0,0]},{"origin":[-7,5,7],"size":[14,6,1],"uv":[0,0]},{"origin":[-7,4,-7],"size":[14,1,14],"uv":[0,1]},{"origin":[7,5,-7],"size":[1,6,14],"uv":[0,0]},{"origin":[-8,5,-7],"size":[1,6,14],"uv":[0,0]}]}]}]}