{
	"format_version": "1.10.0",
	"geometry.jari_bayang": {
		"texturewidth": 128,
		"textureheight": 128,
		"visible_bounds_width": 6,
		"visible_bounds_height": 2,
		"visible_bounds_offset": [0, 1, 0],
		"bones": [
			{
				"name": "body",
				"pivot": [0, 24, 0],
				"cubes": [
					{"origin": [-2, 24, -3], "size": [4, 4, 41], "uv": [0, 0]},
					{"origin": [-19, 1, -3], "size": [4, 4, 41], "uv": [0, 0]},
					{"origin": [15, 1, -3], "size": [4, 4, 41], "uv": [0, 0], "mirror": true},
					{"origin": [-4, 24, -10], "size": [8, 4, 8], "uv": [0, 0]},
					{"origin": [-21, 1, -10], "size": [8, 4, 8], "uv": [0, 0]},
					{"origin": [13, 1, -10], "size": [8, 4, 8], "uv": [0, 0], "mirror": true},
					{"origin": [-23, 1, -10], "size": [2, 4, 6], "uv": [0, 0]},
					{"origin": [21, 1, -10], "size": [2, 4, 6], "uv": [0, 0], "mirror": true},
					{"origin": [-4, 26, -16], "size": [2, 2, 6], "uv": [0, 0]},
					{"origin": [-21, 3, -16], "size": [2, 2, 6], "uv": [0, 0]},
					{"origin": [19, 3, -16], "size": [2, 2, 6], "uv": [0, 0], "mirror": true},
					{"origin": [-1, 26, -16], "size": [2, 2, 6], "uv": [0, 0]},
					{"origin": [-18, 3, -16], "size": [2, 2, 6], "uv": [0, 0]},
					{"origin": [16, 3, -16], "size": [2, 2, 6], "uv": [0, 0], "mirror": true},
					{"origin": [2, 26, -16], "size": [2, 2, 6], "uv": [0, 0]},
					{"origin": [-15, 3, -16], "size": [2, 2, 6], "uv": [0, 0]},
					{"origin": [13, 3, -16], "size": [2, 2, 6], "uv": [0, 0], "mirror": true}
				]
			},
			{
				"name": "bodyArmor",
				"parent": "body",
				"pivot": [0, 24, 0]
			},
			{
				"name": "belt",
				"parent": "body",
				"pivot": [0, 24, 0]
			},
			{
				"name": "waist",
				"pivot": [0, 12, 0]
			},
			{
				"name": "head",
				"pivot": [0, 24, 0]
			},
			{
				"name": "hat",
				"pivot": [0, 24, 0]
			},
			{
				"name": "rightArm",
				"pivot": [-5, 22, 0]
			},
			{
				"name": "rightItem",
				"parent": "rightArm",
				"pivot": [-6, 15, 1]
			},
			{
				"name": "rightArmArmor",
				"parent": "rightArm",
				"pivot": [-5, 22, 0]
			},
			{
				"name": "leftArm",
				"pivot": [5, 22, 0],
				"mirror": true
			},
			{
				"name": "leftArmArmor",
				"parent": "leftArm",
				"pivot": [5, 22, 0],
				"mirror": true
			},
			{
				"name": "rightLeg",
				"pivot": [-1.9, 12, 0]
			},
			{
				"name": "rightLegging",
				"parent": "rightLeg",
				"pivot": [-1.9, 12, 0]
			},
			{
				"name": "rightBoot",
				"parent": "rightLeg",
				"pivot": [-1.9, 12, 0]
			},
			{
				"name": "rightSock",
				"parent": "rightLeg",
				"pivot": [-1.9, 12, 0]
			},
			{
				"name": "leftLeg",
				"pivot": [1.9, 12, 0],
				"mirror": true
			},
			{
				"name": "leftLegging",
				"parent": "leftLeg",
				"pivot": [1.9, 12, 0],
				"mirror": true
			},
			{
				"name": "leftBoot",
				"parent": "leftLeg",
				"pivot": [1.9, 12, 0],
				"mirror": true
			},
			{
				"name": "leftSock",
				"parent": "leftLeg",
				"pivot": [1.9, 12, 0],
				"mirror": true
			},
			{
				"name": "helmet",
				"pivot": [0, 24, 0]
			}
		]
	}
}