{
	"format_version": "1.12.0",
	"minecraft:geometry": [
		{
			"description": {
				"identifier": "geometry.tanah_pelindung",
				"texture_width": 16,
				"texture_height": 16,
				"visible_bounds_width": 34,
				"visible_bounds_height": 1,
				"visible_bounds_offset": [0, 0, 0]
			},
			"bones": [
				{
					"name": "unknown_bone",
					"pivot": [0, 0, 0],
					"cubes": [
						{"origin": [-1, 0, -6], "size": [1, 7, 11], "pivot": [0, 0, 0], "rotation": [0, 90, 0], "uv": [0, 0]},
						{"origin": [4, 7, 0], "size": [1, 4, 1], "uv": [2, 6]},
						{"origin": [-6, 7, 0], "size": [1, 4, 1], "uv": [2, 6]},
						{"origin": [-257, 7, 3], "size": [1, 2, 1], "uv": [2, 6]},
						{"origin": [-4, 7, 0], "size": [1, 2, 1], "uv": [2, 6]},
						{"origin": [0, 7, 0], "size": [1, 1, 1], "uv": [2, 6]},
						{"origin": [-2, 7, 0], "size": [1, 1, 1], "uv": [2, 6]},
						{"origin": [2, 7, 0], "size": [1, 2, 1], "uv": [2, 6]}
					]
				}
			]
		}
	]
}