{
	"format_version": "1.12.0",
	"minecraft:geometry": [
		{
			"description": {
				"identifier": "geometry.tembakan_super_supra",
				"texture_width": 64,
				"texture_height": 64,
				"visible_bounds_width": 5,
				"visible_bounds_height": 4,
				"visible_bounds_offset": [0, 0, 0]
			},
			"bones": [
				{
					"name": "unknown_bone",
					"pivot": [0, 9, 0],
					"cubes": [
						{"origin": [-6, 3, 0], "size": [11, 1, 1], "uv": [40, 62]},
						{"origin": [-6, 15, 0], "size": [11, 1, 1], "uv": [40, 62]},
						{"origin": [-6, 16, 0], "size": [11, 1, 1], "pivot": [0, 10, 1], "rotation": [0, 0, -90], "uv": [40, 62]},
						{"origin": [-6, 4, 0], "size": [11, 1, 1], "pivot": [0, 10, 1], "rotation": [0, 0, -90], "uv": [40, 62]},
						{"origin": [-4, 13, 0], "size": [7, 1, 1], "uv": [48, 9]},
						{"origin": [-4, 5, 0], "size": [7, 1, 1], "uv": [48, 9]},
						{"origin": [-2, 7, 0], "size": [3, 1, 1], "uv": [48, 31]},
						{"origin": [-2, 11, 0], "size": [3, 1, 1], "uv": [49, 32], "mirror": true},
						{"origin": [-5, 6, 0], "size": [1, 7, 1], "uv": [48, 9]},
						{"origin": [3, 6, 1], "size": [1, 7, 1], "uv": [48, 9]},
						{"origin": [-1.57188, -2.3874, -1], "size": [1, 7, 1], "pivot": [0, 10, 1], "rotation": [0, 0, 35], "uv": [0, 56]},
						{"origin": [-0.19855, 14.14449, -1], "size": [1, 7, 1], "pivot": [-1, 9, 1], "rotation": [0, 0, 35], "uv": [0, 56]},
						{"origin": [-0.42812, -2.3874, -1], "size": [1, 7, 1], "pivot": [0, 10, 1], "rotation": [0, 0, -35], "uv": [0, 56]},
						{"origin": [-1.9823, 14.57091, -1], "size": [1, 7, 1], "pivot": [0, 10, 1], "rotation": [0, 0, -35], "uv": [0, 56]},
						{"origin": [1, 8, 0], "size": [1, 3, 1], "uv": [51, 30]},
						{"origin": [-3, 8, 0], "size": [1, 3, 1], "uv": [51, 30]},
						{"origin": [-1, 16, 0], "size": [1, 3, 1], "uv": [57, 62]},
						{"origin": [6, 9, 0], "size": [3, 1, 1], "uv": [57, 62]},
						{"origin": [-10, 9, 0], "size": [3, 1, 1], "uv": [57, 62]},
						{"origin": [6, 13, 0], "size": [3, 1, 1], "uv": [57, 62]},
						{"origin": [-10, 13, 0], "size": [3, 1, 1], "uv": [57, 62]},
						{"origin": [-10, 5, 0], "size": [3, 1, 1], "uv": [57, 62]},
						{"origin": [6, 5, 0], "size": [3, 1, 1], "uv": [57, 62]},
						{"origin": [-5, 16, 0], "size": [1, 3, 1], "uv": [57, 62]},
						{"origin": [3, 16, 0], "size": [1, 3, 1], "uv": [57, 62]},
						{"origin": [-5, 0, 0], "size": [1, 3, 1], "uv": [57, 62]},
						{"origin": [-1, 0, 0], "size": [1, 3, 1], "uv": [57, 62]},
						{"origin": [3, 0, 0], "size": [1, 3, 1], "uv": [57, 62]}
					]
				},
				{
					"name": "head",
					"pivot": [0, 24, 0]
				},
				{
					"name": "body",
					"pivot": [0, 24, 0]
				},
				{
					"name": "rightArm",
					"pivot": [-5, 22, 0]
				},
				{
					"name": "rightLeg",
					"pivot": [-2, 12, 0]
				},
				{
					"name": "leftLeg",
					"pivot": [2, 12, 0]
				},
				{
					"name": "leftArm",
					"pivot": [5, 22, 0]
				}
			]
		}
	]
}