{
	"format_version": "1.10.0",
	"geometry.zoo_serang": {
		"texturewidth": 128,
		"textureheight": 128,
		"visible_bounds_width": 8,
		"visible_bounds_height": 3,
		"visible_bounds_offset": [0, 1.5, 0],
		"bones": [
			{
				"name": "body",
				"pivot": [0, 24, 0],
				"cubes": [
					{"origin": [-33, 7, 12], "size": [8, 8, 15], "uv": [18, 0]},
					{"origin": [-31, 13, 27], "size": [3, 2, 9], "uv": [40, 0]},
					{"origin": [-34, 7, 4], "size": [10, 10, 8], "uv": [0, 0]},
					{"origin": [-26, 17, 7], "size": [2, 2, 2], "uv": [0, 0]},
					{"origin": [-53, 1, -21], "size": [11, 3, 4], "uv": [0, 43]},
					{"origin": [-53, 0, 0], "size": [11, 3, 3], "uv": [0, 43]},
					{"origin": [-46, 0, 2], "size": [4, 6, 3], "uv": [0, 40]},
					{"origin": [-53, 0, -12], "size": [11, 3, 3], "uv": [0, 43]},
					{"origin": [-53, 1, -12], "size": [11, 3, 3], "uv": [0, 43]},
					{"origin": [-44, 0, -20], "size": [5, 3, 10], "uv": [0, 35]},
					{"origin": [-56, 0, -30], "size": [3, 3, 10], "uv": [0, 37]},
					{"origin": [-58, 1, -32], "size": [6, 11, 3], "uv": [0, 35]},
					{"origin": [-58, 9, -38], "size": [6, 5, 7], "uv": [0, 43]},
					{"origin": [-58, 9, -42], "size": [6, 3, 7], "uv": [38, 25]},
					{"origin": [-56, 0, -9], "size": [5, 3, 10], "uv": [0, 37]},
					{"origin": [-34, 17, 7], "size": [2, 2, 2], "uv": [0, 0]},
					{"origin": [51, 0, -9], "size": [5, 3, 10], "uv": [0, 37], "mirror": true},
					{"origin": [42, 1, -21], "size": [11, 3, 4], "uv": [0, 43], "mirror": true},
					{"origin": [42, 0, 0], "size": [11, 3, 3], "uv": [0, 43], "mirror": true},
					{"origin": [42, 0, 2], "size": [4, 6, 3], "uv": [0, 40], "mirror": true},
					{"origin": [42, 0, -12], "size": [11, 3, 3], "uv": [0, 43], "mirror": true},
					{"origin": [42, 1, -12], "size": [11, 3, 3], "uv": [0, 43], "mirror": true},
					{"origin": [39, 0, -20], "size": [5, 3, 10], "uv": [0, 35], "mirror": true},
					{"origin": [53, 0, -30], "size": [3, 3, 10], "uv": [0, 37], "mirror": true},
					{"origin": [52, 1, -32], "size": [6, 11, 3], "uv": [0, 35], "mirror": true},
					{"origin": [52, 9, -38], "size": [6, 5, 7], "uv": [0, 43], "mirror": true},
					{"origin": [52, 9, -42], "size": [6, 3, 7], "uv": [38, 42], "mirror": true},
					{"origin": [25, 7, 12], "size": [8, 8, 15], "uv": [18, 0]},
					{"origin": [27, 13, 27], "size": [3, 2, 9], "uv": [40, 0]},
					{"origin": [24, 7, 4], "size": [10, 10, 8], "uv": [0, 0]},
					{"origin": [32, 17, 7], "size": [2, 2, 2], "uv": [0, 0]},
					{"origin": [24, 17, 7], "size": [2, 2, 2], "uv": [0, 0]},
					{"origin": [-1, 32, 11.5], "size": [2, 4, 2], "uv": [24, 0]},
					{"origin": [-9, 21, 15], "size": [18, 12, 11], "uv": [6, 21]},
					{"origin": [-4.5, 16, 18], "size": [9, 5, 6], "uv": [0, 70], "inflate": 0.5},
					{"origin": [-4, 33, 13.5], "size": [8, 10, 8], "uv": [32, 46]},
					{"origin": [-27, 3, 23], "size": [3, 5, 3], "uv": [0, 0]},
					{"origin": [-27, -0.91155, 23.32817], "size": [3, 5, 3], "uv": [0, 0]},
					{"origin": [31, 3, 23], "size": [3, 5, 3], "uv": [0, 0]},
					{"origin": [31, -0.91155, 23.32817], "size": [3, 5, 3], "uv": [0, 0]},
					{"origin": [1.5, 0, 18], "size": [6, 16, 5], "uv": [60, 0], "mirror": true},
					{"origin": [9, 3.5, 18], "size": [4, 30, 6], "uv": [60, 58]},
					{"origin": [-27, -0.91155, 12.32817], "size": [3, 5, 3], "uv": [0, 0]},
					{"origin": [31, 3, 12], "size": [3, 5, 3], "uv": [0, 0]},
					{"origin": [31, -0.91155, 12.32817], "size": [3, 5, 3], "uv": [0, 0]},
					{"origin": [-27, 3, 12], "size": [3, 5, 3], "uv": [0, 0]},
					{"origin": [-34, 3, 23], "size": [3, 5, 3], "uv": [0, 0]},
					{"origin": [-34, -0.91155, 23.32817], "size": [3, 5, 3], "uv": [0, 0]},
					{"origin": [24, -0.91155, 23.32817], "size": [3, 5, 3], "uv": [0, 0]},
					{"origin": [24, 3, 23], "size": [3, 5, 3], "uv": [0, 0]},
					{"origin": [-7.5, 0, 18], "size": [6, 16, 5], "uv": [37, 0]},
					{"origin": [-34, 3, 12], "size": [3, 5, 3], "uv": [0, 0]},
					{"origin": [-34, -0.91155, 12.32817], "size": [3, 5, 3], "uv": [0, 0]},
					{"origin": [24, 3, 12], "size": [3, 5, 3], "uv": [0, 0]},
					{"origin": [24, -0.91155, 12.32817], "size": [3, 5, 3], "uv": [0, 0]},
					{"origin": [-13, 3.5, 18], "size": [4, 30, 6], "uv": [60, 21]}
				]
			},
			{
				"name": "bodyArmor",
				"parent": "body",
				"pivot": [0, 24, 0]
			},
			{
				"name": "belt",
				"parent": "body",
				"pivot": [0, 24, 0]
			},
			{
				"name": "waist",
				"pivot": [0, 12, 0]
			},
			{
				"name": "head",
				"pivot": [0, 24, 0]
			},
			{
				"name": "hat",
				"pivot": [0, 24, 0]
			},
			{
				"name": "rightArm",
				"pivot": [-5, 22, 0]
			},
			{
				"name": "rightItem",
				"parent": "rightArm",
				"pivot": [-6, 15, 1]
			},
			{
				"name": "rightArmArmor",
				"parent": "rightArm",
				"pivot": [-5, 22, 0]
			},
			{
				"name": "leftArm",
				"pivot": [5, 22, 0],
				"mirror": true
			},
			{
				"name": "leftArmArmor",
				"parent": "leftArm",
				"pivot": [5, 22, 0],
				"mirror": true
			},
			{
				"name": "rightLeg",
				"pivot": [-1.9, 12, 0]
			},
			{
				"name": "rightLegging",
				"parent": "rightLeg",
				"pivot": [-1.9, 12, 0]
			},
			{
				"name": "rightBoot",
				"parent": "rightLeg",
				"pivot": [-1.9, 12, 0]
			},
			{
				"name": "rightSock",
				"parent": "rightLeg",
				"pivot": [-1.9, 12, 0]
			},
			{
				"name": "leftLeg",
				"pivot": [1.9, 12, 0],
				"mirror": true
			},
			{
				"name": "leftLegging",
				"parent": "leftLeg",
				"pivot": [1.9, 12, 0],
				"mirror": true
			},
			{
				"name": "leftBoot",
				"parent": "leftLeg",
				"pivot": [1.9, 12, 0],
				"mirror": true
			},
			{
				"name": "leftSock",
				"parent": "leftLeg",
				"pivot": [1.9, 12, 0],
				"mirror": true
			},
			{
				"name": "helmet",
				"pivot": [0, 24, 0]
			}
		]
	}
}