{
  "format_version": "1.8.0",
  "minecraft:client_entity": {
    "description": {
      "identifier": "goodlord:chair_2seater",
      "materials": {
        "default": "ravager"
      },
      "textures": {
        "chair0": "textures/entity/es_kepal"
      },
      "geometry": {
        "default": "geometry.chair_2seater"
      },
      "render_controllers": [
        "controller.render.chair_2seater"
      ],
      "spawn_egg": {
        "texture": "lounge",
        "texture_index": 0
      }
    }
  }
}