{"pools":[{"rolls":{"min":1,"max":3},"entries":[{"type":"item","name":"minecraft:fishing_hook","weight":1,"functions":[{"function":"set_count","count":{"min":0,"max":2}},{"function":"looting_enchant","count":{"min":0,"max":1}}]},{"type":"item","name":"minecraft:snowball","weight":1,"functions":[{"function":"set_count","count":{"min":0,"max":2}},{"function":"looting_enchant","count":{"min":0,"max":1}}]},{"type":"item","name":"minecraft:egg","weight":1,"functions":[{"function":"set_count","count":{"min":0,"max":2}},{"function":"looting_enchant","count":{"min":0,"max":1}}]},{"type":"item","name":"minecraft:ender_pearl","weight":1,"functions":[{"function":"set_count","count":{"min":0,"max":2}},{"function":"looting_enchant","count":{"min":0,"max":1}}]},{"type":"item","name":"minecraft:experience_bottle","weight":1,"functions":[{"function":"set_count","count":{"min":0,"max":2}},{"function":"looting_enchant","count":{"min":0,"max":1}}]},{"type":"item","name":"minecraft:bow","weight":1,"functions":[{"function":"set_count","count":{"min":0,"max":2}},{"function":"looting_enchant","count":{"min":0,"max":1}}]}]}]}