{"stat.beaconInteraction":8,"stat.useItem.minecraft.lapis_block":32,"stat.useItem.minecraft.quartz_block":338,"stat.useItem.minecraft.painting":204,"stat.horseOneCm":1150,"stat.leaveGame":6,"stat.useItem.minecraft.log2":1,"stat.useItem.minecraft.beacon":8,"stat.useItem.minecraft.soul_sand":8,"stat.useItem.minecraft.diamond_sword":3,"stat.useItem.minecraft.glowstone":117,"stat.swimOneCm":7616,"stat.useItem.minecraft.snow":99,"stat.climbOneCm":45427,"stat.useItem.minecraft.planks":412,"stat.useItem.minecraft.redstone_torch":6,"stat.useItem.minecraft.obsidian":323,"stat.useItem.minecraft.dirt":230,"achievement.exploreAllBiomes":{"value":0,"progress":["Plains"]},"stat.useItem.minecraft.diamond_hoe":2,"stat.useItem.minecraft.red_flower":45,"stat.useItem.minecraft.rail":42,"stat.useItem.minecraft.anvil":2,"stat.useItem.minecraft.brick_block":165,"stat.flyOneCm":1868382,"stat.killEntity.Villager":2,"stat.timeSinceDeath":644590,"stat.useItem.minecraft.sign":91,"stat.useItem.minecraft.spawn_egg":36,"stat.useItem.minecraft.wooden_slab":274,"stat.killEntity.Bat":2,"stat.trappedChestTriggered":38,"stat.useItem.minecraft.hardened_clay":4,"stat.furnaceInteraction":3,"stat.useItem.minecraft.acacia_stairs":18,"stat.useItem.minecraft.armor_stand":2,"stat.talkedToVillager":14,"stat.useItem.minecraft.end_stone":3,"stat.useItem.minecraft.minecart":25,"stat.useItem.minecraft.redstone":5,"stat.useItem.minecraft.sea_lantern":48,"stat.useItem.minecraft.red_sandstone":1,"stat.useItem.minecraft.spruce_fence":125,"stat.useItem.minecraft.trapdoor":8,"stat.sprintOneCm":170537,"stat.useItem.minecraft.diamond_block":100,"stat.useItem.minecraft.stone_slab":97,"stat.useItem.minecraft.acacia_fence":28,"stat.useItem.minecraft.ice":1,"stat.useItem.minecraft.bed":9,"achievement.openInventory":550,"stat.useItem.minecraft.wheat_seeds":1,"stat.useItem.minecraft.stone_pressure_plate":2,"stat.useItem.minecraft.dye":2,"stat.drop":11,"stat.playOneMinute":644590,"stat.useItem.minecraft.banner":10,"stat.useItem.minecraft.ladder":122,"stat.useItem.minecraft.birch_stairs":9,"stat.diveOneCm":25453,"stat.chestOpened":31,"stat.useItem.minecraft.sticky_piston":3,"stat.useItem.minecraft.stone":484,"stat.useItem.minecraft.quartz_stairs":82,"stat.useItem.minecraft.waterlily":17,"stat.useItem.minecraft.carpet":86,"stat.useItem.minecraft.stained_glass_pane":7,"stat.useItem.minecraft.flower_pot":7,"stat.useItem.minecraft.bedrock":7,"stat.jump":2685,"stat.useItem.minecraft.sand":31,"stat.useItem.minecraft.iron_trapdoor":1,"stat.useItem.minecraft.trapped_chest":8,"stat.crouchOneCm":14011,"stat.useItem.minecraft.mycelium":14,"stat.useItem.minecraft.stone_button":7,"stat.craftingTableInteraction":8,"stat.useItem.minecraft.dispenser":2,"stat.useItem.minecraft.redstone_lamp":6,"stat.useItem.minecraft.dark_oak_fence":28,"stat.dispenserInspected":12,"stat.useItem.minecraft.furnace":16,"stat.useItem.minecraft.birch_fence":25,"stat.damageDealt":1260,"stat.useItem.minecraft.wool":6026,"stat.useItem.minecraft.crafting_table":17,"stat.killEntity.Pig":2,"stat.useItem.minecraft.iron_bars":17,"stat.flowerPotted":7,"stat.useItem.minecraft.command_block":9,"stat.walkOneCm":1361593,"stat.useItem.minecraft.torch":4,"stat.useItem.minecraft.chest":13,"stat.useItem.minecraft.pumpkin":6,"stat.useItem.minecraft.cobblestone":459,"stat.useItem.minecraft.gravel":159,"stat.useItem.minecraft.emerald_block":12,"stat.minecartOneCm":4951,"stat.useItem.minecraft.redstone_block":6,"stat.useItem.minecraft.item_frame":16,"stat.useItem.minecraft.stained_hardened_clay":169,"stat.useItem.minecraft.tallgrass":90,"stat.useItem.minecraft.netherrack":26,"stat.useItem.minecraft.prismarine":526,"stat.useItem.minecraft.iron_block":256,"stat.mobKills":10,"stat.useItem.minecraft.wooden_door":8,"stat.useItem.minecraft.cobblestone_wall":4,"stat.useItem.minecraft.spruce_door":11,"stat.useItem.minecraft.writable_book":10,"stat.useItem.minecraft.sandstone":4,"stat.useItem.minecraft.web":19}