{
  "format_version": "1.8.0",
  "render_controllers": {
    "controller.render.variant_place_spell_tile": {
	  "arrays": {
	    "textures": {
		  "Array.skins": [
		    "Texture.atomic_wave",
		    "Texture.blast_quake",
		    "Texture.earth_shaker",
		    "Texture.glacier_breaker",
		    "Texture.hail_master",
		    "Texture.ipo_ipo",
		    "Texture.meteor_fist",
		    "Texture.polar_winds",
		    "Texture.solar_strike",
		    "Texture.sonic_gust",
		    "Texture.swift_mist",
		    "Texture.void_burst"
		  ]
		}
	  },
      "geometry": "Geometry.default",
      "materials": [ { "*": "Material.default" } ],
      "textures": [ "Array.skins[query.variant]" ]
    }
  }
}