{
	"file_path": "C:\\Users\\User\\AppData\\Local\\Packages\\Microsoft.MinecraftUWP_8wekyb3d8bbwe\\LocalState\\games\\com.mojang\\development_behavior_packs\\Gravestones\\entities\\item.json",
	"file_type": "entity",
	"format_version": 1,
	"file_uuid": "682eeae4_61eb_4fa5_9ebd_83ab250d4811",
	"file_version": 3,
	"cache_content": {
		"open": true,
		"comment": "",
		"data": "",
		"key": "global",
		"type": "object",
		"meta": {},
		"children": [
			{
				"open": false,
				"comment": "",
				"data": "1.10.0",
				"key": "format_version",
				"type": "string",
				"meta": {},
				"children": []
			},
			{
				"open": true,
				"comment": "",
				"data": "",
				"key": "minecraft:entity",
				"type": "object",
				"meta": {
					"expand_path_exceptions": [
						"do_not_upgrade"
					]
				},
				"children": [
					{
						"open": true,
						"comment": "",
						"data": "",
						"key": "description",
						"type": "object",
						"meta": {},
						"children": [
							{
								"open": true,
								"comment": "",
								"data": "minecraft:item",
								"key": "identifier",
								"type": "string",
								"meta": {
									"definitions": [
										"entity"
									]
								},
								"children": []
							}
						]
					},
					{
						"open": false,
						"comment": "",
						"data": "",
						"key": "component_groups",
						"type": "object",
						"meta": {},
						"children": []
					},
					{
						"open": true,
						"comment": "",
						"data": "",
						"key": "components",
						"type": "object",
						"meta": {
							"expand_path_exceptions": [
								"minecraft:burns_in_daylight",
								"minecraft:can_climb",
								"minecraft:can_power_jump",
								"minecraft:hide",
								"minecraft:home",
								"minecraft:is_baby",
								"minecraft:is_charged",
								"minecraft:is_chested",
								"minecraft:is_hidden_when_invisible",
								"minecraft:is_ignited",
								"minecraft:is_illager_captain",
								"minecraft:is_saddled",
								"minecraft:is_shaking",
								"minecraft:is_sheared",
								"minecraft:is_stackable",
								"minecraft:is_stunned",
								"minecraft:is_tamed",
								"minecraft:item_hopper",
								"minecraft:jump.dynamic",
								"minecraft:managed_wandering_trader",
								"minecraft:persistent",
								"minecraft:scaffolding_climber",
								"minecraft:trade_resupply",
								"minecraft:trust",
								"minecraft:wants_jockey",
								"minecraft:annotation.open_door"
							]
						},
						"children": [
							{
								"open": false,
								"comment": "",
								"data": "true",
								"key": "minecraft:fire_immune",
								"type": "string",
								"meta": {},
								"children": []
							}
						]
					},
					{
						"open": false,
						"comment": "",
						"data": "",
						"key": "events",
						"type": "object",
						"meta": {},
						"children": []
					}
				]
			}
		]
	}
}